experiment,run,repetition,seed,migrationTechnique,protocol,memoryFootprintInflation [MB],preDumpTime [s],preDumpTxTime [s],dumpTime [s],dumpTxTime [s],dumpSize,preDumpSize,compressionEnabled,rsyncPreDumpTotalFileSize,rsyncPreDumpTotalBytesSent,rsyncPreDumpTransferRate,rsyncPreDumpCompressionSpeedup,rsyncDumpTotalFileSize,rsyncDumpTotalBytesSent,rsyncDumpTransferRate,rsyncDumpCompressionSpeedup
1,1,1,1,cold,proactiveExplicit,0,,,0.3154757022857666,1.0398919582366943,1.5M,,False,,,,,1.46M,1.46M,972.83K bytes/sec,1.00
1,1,2,2,cold,proactiveExplicit,0,,,0.2921717166900635,0.9760088920593262,1.5M,,False,,,,,1.46M,1.46M,972.84K bytes/sec,1.00
1,1,3,3,cold,proactiveExplicit,0,,,0.2902987003326416,0.9573280811309814,1.5M,,False,,,,,1.46M,1.46M,972.84K bytes/sec,1.00
1,1,4,4,cold,proactiveExplicit,0,,,0.29631710052490234,0.9672796726226807,1.5M,,False,,,,,1.46M,1.46M,975.57K bytes/sec,1.00
1,1,5,5,cold,proactiveExplicit,0,,,,,,,False,,,,,,,,
1,1,6,6,cold,proactiveExplicit,0,,,0.29616498947143555,0.9682204723358154,1.5M,,False,,,,,1.46M,1.46M,972.84K bytes/sec,1.00
1,1,7,7,cold,proactiveExplicit,0,,,0.2955958843231201,0.970693826675415,1.5M,,False,,,,,1.46M,1.46M,972.84K bytes/sec,1.00
1,1,8,8,cold,proactiveExplicit,0,,,0.2974698543548584,0.9526901245117188,1.5M,,False,,,,,1.46M,1.46M,975.57K bytes/sec,1.00
1,1,9,9,cold,proactiveExplicit,0,,,0.29747843742370605,0.9620695114135742,1.5M,,False,,,,,1.46M,1.46M,972.84K bytes/sec,1.00
1,1,10,10,cold,proactiveExplicit,0,,,0.3007643222808838,0.9543766975402832,1.5M,,False,,,,,1.46M,1.46M,975.57K bytes/sec,1.00
1,1,11,11,cold,proactiveExplicit,0,,,0.3029792308807373,0.9575412273406982,1.5M,,False,,,,,1.46M,1.46M,975.57K bytes/sec,1.00
1,1,12,12,cold,proactiveExplicit,0,,,0.29528260231018066,0.9717574119567871,1.5M,,False,,,,,1.46M,1.46M,975.57K bytes/sec,1.00
1,1,13,13,cold,proactiveExplicit,0,,,0.2955765724182129,0.9570729732513428,1.5M,,False,,,,,1.46M,1.46M,972.83K bytes/sec,1.00
1,1,14,14,cold,proactiveExplicit,0,,,0.30565762519836426,0.9717259407043457,1.5M,,False,,,,,1.46M,1.46M,972.83K bytes/sec,1.00
1,1,15,15,cold,proactiveExplicit,0,,,0.2822439670562744,0.9608681201934814,1.5M,,False,,,,,1.46M,1.46M,975.57K bytes/sec,1.00
1,1,16,16,cold,proactiveExplicit,0,,,0.29746103286743164,0.9741356372833252,1.5M,,False,,,,,1.46M,1.46M,2.93M bytes/sec,1.00
1,1,17,17,cold,proactiveExplicit,0,,,0.29633116722106934,0.9523270130157471,1.5M,,False,,,,,1.46M,1.46M,975.57K bytes/sec,1.00
1,1,18,18,cold,proactiveExplicit,0,,,0.29915499687194824,0.9586317539215088,1.5M,,False,,,,,1.46M,1.46M,975.57K bytes/sec,1.00
1,1,19,19,cold,proactiveExplicit,0,,,0.28922247886657715,0.9635944366455078,1.5M,,False,,,,,1.46M,1.46M,975.56K bytes/sec,1.00
1,1,20,20,cold,proactiveExplicit,0,,,0.2898063659667969,0.963364839553833,1.5M,,False,,,,,1.46M,1.46M,972.84K bytes/sec,1.00
1,1,21,21,cold,proactiveExplicit,0,,,0.29418087005615234,0.971078634262085,1.5M,,False,,,,,1.46M,1.46M,975.57K bytes/sec,1.00
1,1,22,22,cold,proactiveExplicit,0,,,0.30091071128845215,0.9412434101104736,1.5M,,False,,,,,1.46M,1.46M,972.83K bytes/sec,1.00
1,1,23,23,cold,proactiveExplicit,0,,,0.2994568347930908,0.9780025482177734,1.5M,,False,,,,,1.46M,1.46M,975.60K bytes/sec,1.00
1,1,24,24,cold,proactiveExplicit,0,,,0.30072927474975586,0.9598181247711182,1.5M,,False,,,,,1.46M,1.46M,972.84K bytes/sec,1.00
1,1,25,25,cold,proactiveExplicit,0,,,0.29813480377197266,0.9448189735412598,1.5M,,False,,,,,1.46M,1.46M,972.84K bytes/sec,1.00
1,1,26,26,cold,proactiveExplicit,0,,,0.29925966262817383,0.9699604511260986,1.5M,,False,,,,,1.46M,1.46M,972.84K bytes/sec,1.00
1,1,27,27,cold,proactiveExplicit,0,,,0.29309868812561035,1.029726505279541,1.5M,,False,,,,,1.45M,1.45M,970.10K bytes/sec,1.00
1,1,28,28,cold,proactiveExplicit,0,,,0.2933948040008545,0.9593079090118408,1.5M,,False,,,,,1.45M,1.45M,970.11K bytes/sec,1.00
1,1,29,29,cold,proactiveExplicit,0,,,0.297576904296875,0.9715564250946045,1.5M,,False,,,,,1.46M,1.46M,972.84K bytes/sec,1.00
1,1,30,30,cold,proactiveExplicit,0,,,0.2867734432220459,0.958477258682251,1.5M,,False,,,,,1.46M,1.46M,972.82K bytes/sec,1.00
1,1,31,31,cold,proactiveExplicit,0,,,0.2931492328643799,0.9553508758544922,1.5M,,False,,,,,1.46M,1.46M,972.84K bytes/sec,1.00
1,1,32,32,cold,proactiveExplicit,0,,,0.28316450119018555,0.968670129776001,1.5M,,False,,,,,1.46M,1.46M,972.87K bytes/sec,1.00
1,1,33,33,cold,proactiveExplicit,0,,,0.3086261749267578,0.9636151790618896,1.5M,,False,,,,,1.46M,1.46M,972.83K bytes/sec,1.00
1,1,34,34,cold,proactiveExplicit,0,,,0.29872918128967285,0.9647603034973145,1.5M,,False,,,,,1.46M,1.46M,972.83K bytes/sec,1.00
1,1,35,35,cold,proactiveExplicit,0,,,,,,,False,,,,,,,,
1,1,36,36,cold,proactiveExplicit,0,,,0.29619503021240234,0.9702346324920654,1.5M,,False,,,,,1.46M,1.46M,975.58K bytes/sec,1.00
1,1,37,37,cold,proactiveExplicit,0,,,0.30045485496520996,0.969343900680542,1.5M,,False,,,,,1.46M,1.46M,975.58K bytes/sec,1.00
1,1,38,38,cold,proactiveExplicit,0,,,,,,,False,,,,,,,,
1,1,39,39,cold,proactiveExplicit,0,,,0.29463934898376465,0.9695348739624023,1.5M,,False,,,,,1.46M,1.46M,972.84K bytes/sec,1.00
1,1,40,40,cold,proactiveExplicit,0,,,0.29947471618652344,0.9662916660308838,1.5M,,False,,,,,1.46M,1.46M,975.57K bytes/sec,1.00
1,1,41,41,cold,proactiveExplicit,0,,,0.29189419746398926,0.9675302505493164,1.5M,,False,,,,,1.46M,1.46M,975.57K bytes/sec,1.00
1,1,42,42,cold,proactiveExplicit,0,,,0.28615403175354004,0.9702908992767334,1.5M,,False,,,,,1.46M,1.46M,975.59K bytes/sec,1.00
1,1,43,43,cold,proactiveExplicit,0,,,0.3036768436431885,0.9534304141998291,1.5M,,False,,,,,1.46M,1.46M,975.56K bytes/sec,1.00
1,1,44,44,cold,proactiveExplicit,0,,,0.28844499588012695,0.9695158004760742,1.5M,,False,,,,,1.46M,1.46M,972.84K bytes/sec,1.00
1,1,45,45,cold,proactiveExplicit,0,,,0.27946972846984863,0.9816579818725586,1.5M,,False,,,,,1.46M,1.46M,972.85K bytes/sec,1.00
1,1,46,46,cold,proactiveExplicit,0,,,0.2916085720062256,0.9405748844146729,1.5M,,False,,,,,1.46M,1.46M,972.84K bytes/sec,1.00
1,1,47,47,cold,proactiveExplicit,0,,,0.2946164608001709,0.9640448093414307,1.5M,,False,,,,,1.46M,1.46M,975.57K bytes/sec,1.00
1,1,48,48,cold,proactiveExplicit,0,,,,,,,False,,,,,,,,
1,1,49,49,cold,proactiveExplicit,0,,,0.30109691619873047,1.0038683414459229,1.5M,,False,,,,,1.46M,1.46M,972.84K bytes/sec,1.00
1,1,50,50,cold,proactiveExplicit,0,,,0.29544496536254883,0.9789178371429443,1.5M,,False,,,,,1.46M,1.46M,972.83K bytes/sec,1.00
1,1,51,51,cold,proactiveExplicit,0,,,0.3019130229949951,0.9533360004425049,1.5M,,False,,,,,1.46M,1.46M,972.84K bytes/sec,1.00
1,1,52,52,cold,proactiveExplicit,0,,,0.2941477298736572,0.9535171985626221,1.5M,,False,,,,,1.46M,1.46M,972.84K bytes/sec,1.00
1,1,53,53,cold,proactiveExplicit,0,,,0.29728221893310547,0.9632256031036377,1.5M,,False,,,,,1.46M,1.46M,972.83K bytes/sec,1.00
1,1,54,54,cold,proactiveExplicit,0,,,0.2907533645629883,0.9531722068786621,1.5M,,False,,,,,1.46M,1.46M,975.58K bytes/sec,1.00
1,1,55,55,cold,proactiveExplicit,0,,,0.2911829948425293,0.9781081676483154,1.5M,,False,,,,,1.46M,1.46M,972.84K bytes/sec,1.00
1,1,56,56,cold,proactiveExplicit,0,,,0.2824828624725342,0.9612002372741699,1.5M,,False,,,,,1.46M,1.46M,972.83K bytes/sec,1.00
1,1,57,57,cold,proactiveExplicit,0,,,0.29694676399230957,0.973374605178833,1.5M,,False,,,,,1.46M,1.46M,975.58K bytes/sec,1.00
1,1,58,58,cold,proactiveExplicit,0,,,0.27347421646118164,0.9620265960693359,1.5M,,False,,,,,1.45M,1.45M,970.11K bytes/sec,1.00
1,1,59,59,cold,proactiveExplicit,0,,,0.2926139831542969,0.9650492668151855,1.5M,,False,,,,,1.46M,1.46M,975.57K bytes/sec,1.00
1,1,60,60,cold,proactiveExplicit,0,,,0.29144787788391113,0.9690628051757812,1.5M,,False,,,,,1.46M,1.46M,2.93M bytes/sec,1.00
1,1,61,61,cold,proactiveExplicit,0,,,0.2942347526550293,0.9729483127593994,1.5M,,False,,,,,1.46M,1.46M,975.57K bytes/sec,1.00
1,1,62,62,cold,proactiveExplicit,0,,,0.298694372177124,0.9542496204376221,1.5M,,False,,,,,1.46M,1.46M,975.58K bytes/sec,1.00
1,1,63,63,cold,proactiveExplicit,0,,,0.2823004722595215,0.9546921253204346,1.5M,,False,,,,,1.46M,1.46M,972.84K bytes/sec,1.00
1,1,64,64,cold,proactiveExplicit,0,,,0.289654016494751,0.9700162410736084,1.5M,,False,,,,,1.45M,1.45M,970.10K bytes/sec,1.00
1,1,65,65,cold,proactiveExplicit,0,,,0.2943112850189209,0.959331750869751,1.5M,,False,,,,,1.46M,1.46M,972.83K bytes/sec,1.00
1,1,66,66,cold,proactiveExplicit,0,,,0.2900707721710205,0.9602715969085693,1.5M,,False,,,,,1.46M,1.46M,972.84K bytes/sec,1.00
1,1,67,67,cold,proactiveExplicit,0,,,0.2902817726135254,0.9795868396759033,1.5M,,False,,,,,1.46M,1.46M,972.84K bytes/sec,1.00
1,1,68,68,cold,proactiveExplicit,0,,,0.28803563117980957,0.9705872535705566,1.5M,,False,,,,,1.46M,1.46M,975.56K bytes/sec,1.00
1,1,69,69,cold,proactiveExplicit,0,,,0.2819702625274658,0.9830751419067383,1.5M,,False,,,,,1.46M,1.46M,975.58K bytes/sec,1.00
1,1,70,70,cold,proactiveExplicit,0,,,0.288679838180542,0.9737582206726074,1.5M,,False,,,,,1.46M,1.46M,975.59K bytes/sec,1.00
1,1,71,71,cold,proactiveExplicit,0,,,0.2913515567779541,0.9657120704650879,1.5M,,False,,,,,1.46M,1.46M,972.83K bytes/sec,1.00
1,1,72,72,cold,proactiveExplicit,0,,,0.30016350746154785,0.9700362682342529,1.5M,,False,,,,,1.46M,1.46M,972.84K bytes/sec,1.00
1,1,73,73,cold,proactiveExplicit,0,,,0.29422879219055176,0.9519903659820557,1.5M,,False,,,,,1.46M,1.46M,2.92M bytes/sec,1.00
1,1,74,74,cold,proactiveExplicit,0,,,0.2957463264465332,0.9687795639038086,1.5M,,False,,,,,1.45M,1.45M,970.12K bytes/sec,1.00
1,1,75,75,cold,proactiveExplicit,0,,,0.2823336124420166,0.9671294689178467,1.5M,,False,,,,,1.46M,1.46M,2.92M bytes/sec,1.00
1,1,76,76,cold,proactiveExplicit,0,,,0.3002903461456299,0.9463281631469727,1.5M,,False,,,,,1.45M,1.45M,970.11K bytes/sec,1.00
1,1,77,77,cold,proactiveExplicit,0,,,0.2895946502685547,0.9625205993652344,1.5M,,False,,,,,1.46M,1.46M,972.84K bytes/sec,1.00
1,1,78,78,cold,proactiveExplicit,0,,,0.3029515743255615,0.9767122268676758,1.5M,,False,,,,,1.46M,1.46M,972.83K bytes/sec,1.00
1,1,79,79,cold,proactiveExplicit,0,,,0.3036763668060303,0.9693195819854736,1.5M,,False,,,,,1.46M,1.46M,972.84K bytes/sec,1.00
1,1,80,80,cold,proactiveExplicit,0,,,0.28559279441833496,0.9709477424621582,1.5M,,False,,,,,1.46M,1.46M,972.84K bytes/sec,1.00
1,1,81,81,cold,proactiveExplicit,0,,,0.2877616882324219,0.9825394153594971,1.5M,,False,,,,,1.46M,1.46M,972.84K bytes/sec,1.00
1,1,82,82,cold,proactiveExplicit,0,,,0.29491329193115234,0.956812858581543,1.5M,,False,,,,,1.46M,1.46M,975.56K bytes/sec,1.00
1,1,83,83,cold,proactiveExplicit,0,,,0.2888021469116211,0.9753806591033936,1.5M,,False,,,,,1.46M,1.46M,975.58K bytes/sec,1.00
1,1,84,84,cold,proactiveExplicit,0,,,0.2930023670196533,0.9569802284240723,1.5M,,False,,,,,1.46M,1.46M,972.85K bytes/sec,1.00
1,1,85,85,cold,proactiveExplicit,0,,,0.30522727966308594,0.9676942825317383,1.5M,,False,,,,,1.46M,1.46M,972.84K bytes/sec,1.00
1,1,86,86,cold,proactiveExplicit,0,,,0.2904698848724365,0.9681122303009033,1.5M,,False,,,,,1.46M,1.46M,975.58K bytes/sec,1.00
1,1,87,87,cold,proactiveExplicit,0,,,0.30062079429626465,0.9704976081848145,1.5M,,False,,,,,1.46M,1.46M,972.84K bytes/sec,1.00
1,1,88,88,cold,proactiveExplicit,0,,,,,,,False,,,,,,,,
1,1,89,89,cold,proactiveExplicit,0,,,0.29735851287841797,0.9607946872711182,1.5M,,False,,,,,1.45M,1.45M,970.13K bytes/sec,1.00
1,1,90,90,cold,proactiveExplicit,0,,,0.2892920970916748,0.956838846206665,1.5M,,False,,,,,1.46M,1.46M,975.57K bytes/sec,1.00
1,1,91,91,cold,proactiveExplicit,0,,,0.30925822257995605,0.9811520576477051,1.5M,,False,,,,,1.46M,1.46M,975.58K bytes/sec,1.00
1,1,92,92,cold,proactiveExplicit,0,,,0.2931210994720459,0.9676525592803955,1.5M,,False,,,,,1.46M,1.46M,972.84K bytes/sec,1.00
1,1,93,93,cold,proactiveExplicit,0,,,0.2916586399078369,0.9751453399658203,1.5M,,False,,,,,1.46M,1.46M,972.83K bytes/sec,1.00
1,1,94,94,cold,proactiveExplicit,0,,,0.2969069480895996,0.972736120223999,1.5M,,False,,,,,1.46M,1.46M,975.57K bytes/sec,1.00
1,1,95,95,cold,proactiveExplicit,0,,,0.3025336265563965,0.9539153575897217,1.5M,,False,,,,,1.46M,1.46M,972.84K bytes/sec,1.00
1,1,96,96,cold,proactiveExplicit,0,,,0.2793436050415039,0.9646320343017578,1.5M,,False,,,,,1.46M,1.46M,975.57K bytes/sec,1.00
1,1,97,97,cold,proactiveExplicit,0,,,0.31399965286254883,0.9618632793426514,1.5M,,False,,,,,1.46M,1.46M,972.84K bytes/sec,1.00
1,1,98,98,cold,proactiveExplicit,0,,,0.28937864303588867,0.9760148525238037,1.5M,,False,,,,,1.46M,1.46M,975.57K bytes/sec,1.00
1,1,99,99,cold,proactiveExplicit,0,,,0.2828328609466553,0.9765028953552246,1.5M,,False,,,,,1.46M,1.46M,972.84K bytes/sec,1.00
1,1,100,100,cold,proactiveExplicit,0,,,0.28631067276000977,1.002120018005371,1.5M,,False,,,,,1.46M,1.46M,975.60K bytes/sec,1.00
1,2,1,101,cold,reactiveExplicit,0,,,0.28847169876098633,0.967564582824707,1.5M,,False,,,,,1.46M,1.46M,975.57K bytes/sec,1.00
1,2,2,102,cold,reactiveExplicit,0,,,0.28673315048217773,0.9615638256072998,1.5M,,False,,,,,1.45M,1.45M,970.11K bytes/sec,1.00
1,2,3,103,cold,reactiveExplicit,0,,,0.2890021800994873,0.9570097923278809,1.5M,,False,,,,,1.46M,1.46M,972.84K bytes/sec,1.00
1,2,4,104,cold,reactiveExplicit,0,,,0.28954243659973145,0.9561672210693359,1.5M,,False,,,,,1.46M,1.46M,972.84K bytes/sec,1.00
1,2,5,105,cold,reactiveExplicit,0,,,0.30004262924194336,0.9739997386932373,1.5M,,False,,,,,1.45M,1.45M,970.10K bytes/sec,1.00
1,2,6,106,cold,reactiveExplicit,0,,,0.2989466190338135,0.973264217376709,1.5M,,False,,,,,1.46M,1.46M,972.84K bytes/sec,1.00
1,2,7,107,cold,reactiveExplicit,0,,,0.2912106513977051,0.9728455543518066,1.5M,,False,,,,,1.46M,1.46M,972.83K bytes/sec,1.00
1,2,8,108,cold,reactiveExplicit,0,,,0.2984163761138916,0.9938864707946777,1.5M,,False,,,,,1.46M,1.46M,972.84K bytes/sec,1.00
1,2,9,109,cold,reactiveExplicit,0,,,0.3041069507598877,0.9572551250457764,1.5M,,False,,,,,1.46M,1.46M,972.83K bytes/sec,1.00
1,2,10,110,cold,reactiveExplicit,0,,,0.2853884696960449,0.9684553146362305,1.5M,,False,,,,,1.46M,1.46M,972.83K bytes/sec,1.00
1,2,11,111,cold,reactiveExplicit,0,,,0.2960233688354492,0.9660117626190186,1.5M,,False,,,,,1.46M,1.46M,975.56K bytes/sec,1.00
1,2,12,112,cold,reactiveExplicit,0,,,0.3008580207824707,0.9645588397979736,1.5M,,False,,,,,1.46M,1.46M,972.83K bytes/sec,1.00
1,2,13,113,cold,reactiveExplicit,0,,,0.2931394577026367,1.0073447227478027,1.5M,,False,,,,,1.46M,1.46M,975.57K bytes/sec,1.00
1,2,14,114,cold,reactiveExplicit,0,,,0.28489017486572266,0.9614512920379639,1.5M,,False,,,,,1.46M,1.46M,972.84K bytes/sec,1.00
1,2,15,115,cold,reactiveExplicit,0,,,0.3055453300476074,0.9603478908538818,1.5M,,False,,,,,1.46M,1.46M,972.84K bytes/sec,1.00
1,2,16,116,cold,reactiveExplicit,0,,,0.2956087589263916,0.9700491428375244,1.5M,,False,,,,,1.46M,1.46M,972.84K bytes/sec,1.00
1,2,17,117,cold,reactiveExplicit,0,,,0.2949395179748535,0.9617550373077393,1.5M,,False,,,,,1.46M,1.46M,972.84K bytes/sec,1.00
1,2,18,118,cold,reactiveExplicit,0,,,0.30384111404418945,0.9629347324371338,1.5M,,False,,,,,1.46M,1.46M,972.84K bytes/sec,1.00
1,2,19,119,cold,reactiveExplicit,0,,,0.2977409362792969,0.9576146602630615,1.5M,,False,,,,,1.46M,1.46M,972.84K bytes/sec,1.00
1,2,20,120,cold,reactiveExplicit,0,,,0.3005337715148926,0.9572386741638184,1.5M,,False,,,,,1.45M,1.45M,970.10K bytes/sec,1.00
1,2,21,121,cold,reactiveExplicit,0,,,0.2960927486419678,0.96417236328125,1.5M,,False,,,,,1.46M,1.46M,972.85K bytes/sec,1.00
1,2,22,122,cold,reactiveExplicit,0,,,0.3225727081298828,0.9655027389526367,1.5M,,False,,,,,1.46M,1.46M,975.57K bytes/sec,1.00
1,2,23,123,cold,reactiveExplicit,0,,,0.29387521743774414,0.9608495235443115,1.5M,,False,,,,,1.46M,1.46M,975.55K bytes/sec,1.00
1,2,24,124,cold,reactiveExplicit,0,,,,,,,False,,,,,,,,
1,2,25,125,cold,reactiveExplicit,0,,,0.29101991653442383,0.9606857299804688,1.5M,,False,,,,,1.46M,1.46M,972.87K bytes/sec,1.00
1,2,26,126,cold,reactiveExplicit,0,,,0.29811763763427734,0.96195387840271,1.5M,,False,,,,,1.45M,1.45M,970.14K bytes/sec,1.00
1,2,27,127,cold,reactiveExplicit,0,,,0.29507899284362793,0.9654874801635742,1.5M,,False,,,,,1.46M,1.46M,2.93M bytes/sec,1.00
1,2,28,128,cold,reactiveExplicit,0,,,,,,,False,,,,,,,,
1,2,29,129,cold,reactiveExplicit,0,,,0.28396177291870117,0.9628462791442871,1.5M,,False,,,,,1.46M,1.46M,975.60K bytes/sec,1.00
1,2,30,130,cold,reactiveExplicit,0,,,0.2956125736236572,0.9858660697937012,1.5M,,False,,,,,1.45M,1.45M,2.91M bytes/sec,1.00
1,2,31,131,cold,reactiveExplicit,0,,,0.28471899032592773,0.9581820964813232,1.5M,,False,,,,,1.46M,1.46M,972.83K bytes/sec,1.00
1,2,32,132,cold,reactiveExplicit,0,,,0.2977869510650635,0.9740927219390869,1.5M,,False,,,,,1.46M,1.46M,972.83K bytes/sec,1.00
1,2,33,133,cold,reactiveExplicit,0,,,0.2797873020172119,0.962066650390625,1.5M,,False,,,,,1.46M,1.46M,972.84K bytes/sec,1.00
1,2,34,134,cold,reactiveExplicit,0,,,0.2909810543060303,0.9710428714752197,1.5M,,False,,,,,1.46M,1.46M,972.83K bytes/sec,1.00
1,2,35,135,cold,reactiveExplicit,0,,,0.29629993438720703,0.961266040802002,1.5M,,False,,,,,1.45M,1.45M,970.10K bytes/sec,1.00
1,2,36,136,cold,reactiveExplicit,0,,,0.29135632514953613,0.9746322631835938,1.5M,,False,,,,,1.46M,1.46M,975.57K bytes/sec,1.00
1,2,37,137,cold,reactiveExplicit,0,,,0.3004286289215088,0.9715449810028076,1.5M,,False,,,,,1.46M,1.46M,972.84K bytes/sec,1.00
1,2,38,138,cold,reactiveExplicit,0,,,0.285292387008667,0.9689633846282959,1.5M,,False,,,,,1.46M,1.46M,972.84K bytes/sec,1.00
1,2,39,139,cold,reactiveExplicit,0,,,0.2927067279815674,0.9658417701721191,1.5M,,False,,,,,1.46M,1.46M,975.57K bytes/sec,1.00
1,2,40,140,cold,reactiveExplicit,0,,,0.2988409996032715,0.9722170829772949,1.5M,,False,,,,,1.46M,1.46M,972.84K bytes/sec,1.00
1,2,41,141,cold,reactiveExplicit,0,,,0.28615379333496094,0.9726963043212891,1.5M,,False,,,,,1.46M,1.46M,975.58K bytes/sec,1.00
1,2,42,142,cold,reactiveExplicit,0,,,0.296370267868042,0.9641320705413818,1.5M,,False,,,,,1.46M,1.46M,2.92M bytes/sec,1.00
1,2,43,143,cold,reactiveExplicit,0,,,0.2968614101409912,0.9751756191253662,1.5M,,False,,,,,1.45M,1.45M,970.11K bytes/sec,1.00
1,2,44,144,cold,reactiveExplicit,0,,,0.2862358093261719,0.9698286056518555,1.5M,,False,,,,,1.46M,1.46M,975.59K bytes/sec,1.00
1,2,45,145,cold,reactiveExplicit,0,,,0.28670406341552734,0.9742319583892822,1.5M,,False,,,,,1.46M,1.46M,972.86K bytes/sec,1.00
1,2,46,146,cold,reactiveExplicit,0,,,0.28961849212646484,0.9698476791381836,1.5M,,False,,,,,1.46M,1.46M,972.85K bytes/sec,1.00
1,2,47,147,cold,reactiveExplicit,0,,,0.294266939163208,0.9577450752258301,1.5M,,False,,,,,1.46M,1.46M,972.87K bytes/sec,1.00
1,2,48,148,cold,reactiveExplicit,0,,,0.30231761932373047,0.9720618724822998,1.5M,,False,,,,,1.46M,1.46M,972.84K bytes/sec,1.00
1,2,49,149,cold,reactiveExplicit,0,,,0.3052051067352295,1.0558054447174072,1.5M,,False,,,,,1.46M,1.46M,972.83K bytes/sec,1.00
1,2,50,150,cold,reactiveExplicit,0,,,0.28648877143859863,0.9613239765167236,1.5M,,False,,,,,1.46M,1.46M,972.83K bytes/sec,1.00
1,2,51,151,cold,reactiveExplicit,0,,,0.2951953411102295,0.9228456020355225,1.5M,,False,,,,,1.46M,1.46M,975.56K bytes/sec,1.00
1,2,52,152,cold,reactiveExplicit,0,,,0.2873678207397461,0.9488997459411621,1.5M,,False,,,,,1.46M,1.46M,972.84K bytes/sec,1.00
1,2,53,153,cold,reactiveExplicit,0,,,0.29732203483581543,0.9764642715454102,1.5M,,False,,,,,1.46M,1.46M,972.84K bytes/sec,1.00
1,2,54,154,cold,reactiveExplicit,0,,,0.30364561080932617,0.9732131958007812,1.5M,,False,,,,,1.46M,1.46M,972.84K bytes/sec,1.00
1,2,55,155,cold,reactiveExplicit,0,,,0.2886054515838623,0.956186056137085,1.5M,,False,,,,,1.46M,1.46M,972.84K bytes/sec,1.00
1,2,56,156,cold,reactiveExplicit,0,,,0.29108285903930664,0.9641721248626709,1.5M,,False,,,,,1.46M,1.46M,972.85K bytes/sec,1.00
1,2,57,157,cold,reactiveExplicit,0,,,0.2978990077972412,0.9797437191009521,1.5M,,False,,,,,1.46M,1.46M,972.86K bytes/sec,1.00
1,2,58,158,cold,reactiveExplicit,0,,,0.2992119789123535,0.9689135551452637,1.5M,,False,,,,,1.46M,1.46M,972.84K bytes/sec,1.00
1,2,59,159,cold,reactiveExplicit,0,,,0.30329012870788574,0.9520349502563477,1.5M,,False,,,,,1.45M,1.45M,970.11K bytes/sec,1.00
1,2,60,160,cold,reactiveExplicit,0,,,0.299130916595459,0.9668886661529541,1.5M,,False,,,,,1.46M,1.46M,972.84K bytes/sec,1.00
1,2,61,161,cold,reactiveExplicit,0,,,0.2994537353515625,0.9468944072723389,1.5M,,False,,,,,1.46M,1.46M,972.84K bytes/sec,1.00
1,2,62,162,cold,reactiveExplicit,0,,,0.29401636123657227,0.9556930065155029,1.5M,,False,,,,,1.46M,1.46M,975.57K bytes/sec,1.00
1,2,63,163,cold,reactiveExplicit,0,,,0.3006584644317627,0.948307991027832,1.5M,,False,,,,,1.46M,1.46M,975.57K bytes/sec,1.00
1,2,64,164,cold,reactiveExplicit,0,,,0.2777237892150879,0.9557373523712158,1.5M,,False,,,,,1.46M,1.46M,972.84K bytes/sec,1.00
1,2,65,165,cold,reactiveExplicit,0,,,0.2941269874572754,0.9513795375823975,1.5M,,False,,,,,1.46M,1.46M,972.84K bytes/sec,1.00
1,2,66,166,cold,reactiveExplicit,0,,,0.2879364490509033,0.9570186138153076,1.5M,,False,,,,,1.46M,1.46M,975.58K bytes/sec,1.00
1,2,67,167,cold,reactiveExplicit,0,,,0.29567670822143555,0.9605989456176758,1.5M,,False,,,,,1.46M,1.46M,972.83K bytes/sec,1.00
1,2,68,168,cold,reactiveExplicit,0,,,0.3123347759246826,0.9532380104064941,1.5M,,False,,,,,1.46M,1.46M,975.56K bytes/sec,1.00
1,2,69,169,cold,reactiveExplicit,0,,,0.2953455448150635,0.9573836326599121,1.5M,,False,,,,,1.46M,1.46M,972.84K bytes/sec,1.00
1,2,70,170,cold,reactiveExplicit,0,,,0.29841136932373047,0.9618053436279297,1.5M,,False,,,,,1.46M,1.46M,972.84K bytes/sec,1.00
1,2,71,171,cold,reactiveExplicit,0,,,0.28943562507629395,0.9582769870758057,1.5M,,False,,,,,1.45M,1.45M,970.11K bytes/sec,1.00
1,2,72,172,cold,reactiveExplicit,0,,,,,,,False,,,,,,,,
1,2,73,173,cold,reactiveExplicit,0,,,0.28635358810424805,0.953932523727417,1.5M,,False,,,,,1.46M,1.46M,972.84K bytes/sec,1.00
1,2,74,174,cold,reactiveExplicit,0,,,0.2998321056365967,0.9493744373321533,1.5M,,False,,,,,1.45M,1.45M,970.10K bytes/sec,1.00
1,2,75,175,cold,reactiveExplicit,0,,,0.29343533515930176,0.9650611877441406,1.5M,,False,,,,,1.46M,1.46M,972.83K bytes/sec,1.00
1,2,76,176,cold,reactiveExplicit,0,,,0.2887842655181885,0.9553465843200684,1.5M,,False,,,,,1.46M,1.46M,972.84K bytes/sec,1.00
1,2,77,177,cold,reactiveExplicit,0,,,0.3012235164642334,0.9471108913421631,1.5M,,False,,,,,1.46M,1.46M,972.83K bytes/sec,1.00
1,2,78,178,cold,reactiveExplicit,0,,,0.2890443801879883,0.9465062618255615,1.5M,,False,,,,,1.45M,1.45M,970.10K bytes/sec,1.00
1,2,79,179,cold,reactiveExplicit,0,,,0.3036196231842041,0.9485759735107422,1.5M,,False,,,,,1.46M,1.46M,972.83K bytes/sec,1.00
1,2,80,180,cold,reactiveExplicit,0,,,0.29461026191711426,0.9550604820251465,1.5M,,False,,,,,1.46M,1.46M,972.84K bytes/sec,1.00
1,2,81,181,cold,reactiveExplicit,0,,,0.2910153865814209,0.9536764621734619,1.5M,,False,,,,,1.46M,1.46M,975.57K bytes/sec,1.00
1,2,82,182,cold,reactiveExplicit,0,,,0.2976498603820801,1.0061287879943848,1.5M,,False,,,,,1.46M,1.46M,972.86K bytes/sec,1.00
1,2,83,183,cold,reactiveExplicit,0,,,0.2898733615875244,0.97355055809021,1.5M,,False,,,,,1.45M,1.45M,970.14K bytes/sec,1.00
1,2,84,184,cold,reactiveExplicit,0,,,0.30815863609313965,0.9546129703521729,1.5M,,False,,,,,1.46M,1.46M,975.57K bytes/sec,1.00
1,2,85,185,cold,reactiveExplicit,0,,,0.3124814033508301,0.95977783203125,1.5M,,False,,,,,1.46M,1.46M,975.57K bytes/sec,1.00
1,2,86,186,cold,reactiveExplicit,0,,,0.3015477657318115,0.9690818786621094,1.5M,,False,,,,,1.46M,1.46M,972.88K bytes/sec,1.00
1,2,87,187,cold,reactiveExplicit,0,,,0.2975504398345947,0.957582950592041,1.5M,,False,,,,,1.46M,1.46M,972.83K bytes/sec,1.00
1,2,88,188,cold,reactiveExplicit,0,,,0.3022754192352295,0.9558660984039307,1.5M,,False,,,,,1.46M,1.46M,972.84K bytes/sec,1.00
1,2,89,189,cold,reactiveExplicit,0,,,0.3023402690887451,0.9757626056671143,1.5M,,False,,,,,1.46M,1.46M,972.85K bytes/sec,1.00
1,2,90,190,cold,reactiveExplicit,0,,,0.3010380268096924,0.9675045013427734,1.5M,,False,,,,,1.46M,1.46M,975.57K bytes/sec,1.00
1,2,91,191,cold,reactiveExplicit,0,,,0.29608607292175293,0.9681572914123535,1.5M,,False,,,,,1.46M,1.46M,975.57K bytes/sec,1.00
1,2,92,192,cold,reactiveExplicit,0,,,0.2997758388519287,0.9559590816497803,1.5M,,False,,,,,1.46M,1.46M,972.85K bytes/sec,1.00
1,2,93,193,cold,reactiveExplicit,0,,,0.2956860065460205,0.9752917289733887,1.5M,,False,,,,,1.45M,1.45M,970.11K bytes/sec,1.00
1,2,94,194,cold,reactiveExplicit,0,,,0.28177833557128906,0.9579966068267822,1.5M,,False,,,,,1.46M,1.46M,975.57K bytes/sec,1.00
1,2,95,195,cold,reactiveExplicit,0,,,0.2891204357147217,1.0098669528961182,1.5M,,False,,,,,1.45M,1.45M,970.11K bytes/sec,1.00
1,2,96,196,cold,reactiveExplicit,0,,,0.2903273105621338,0.9582841396331787,1.5M,,False,,,,,1.46M,1.46M,972.84K bytes/sec,1.00
1,2,97,197,cold,reactiveExplicit,0,,,0.2826244831085205,0.9636998176574707,1.5M,,False,,,,,1.46M,1.46M,972.85K bytes/sec,1.00
1,2,98,198,cold,reactiveExplicit,0,,,0.2916221618652344,0.9810869693756104,1.5M,,False,,,,,1.45M,1.45M,970.11K bytes/sec,1.00
1,2,99,199,cold,reactiveExplicit,0,,,0.29631996154785156,0.973968505859375,1.5M,,False,,,,,1.46M,1.46M,972.84K bytes/sec,1.00
1,2,100,200,cold,reactiveExplicit,0,,,0.29337406158447266,0.9981582164764404,1.5M,,False,,,,,1.45M,1.45M,970.10K bytes/sec,1.00
1,3,1,201,cold,poolOfAddresses1,0,,,0.2981588840484619,0.9702808856964111,1.5M,,False,,,,,1.46M,1.46M,972.83K bytes/sec,1.00
1,3,2,202,cold,poolOfAddresses1,0,,,0.2997722625732422,0.9629743099212646,1.5M,,False,,,,,1.46M,1.46M,972.84K bytes/sec,1.00
1,3,3,203,cold,poolOfAddresses1,0,,,0.2959764003753662,0.9673357009887695,1.5M,,False,,,,,1.46M,1.46M,972.84K bytes/sec,1.00
1,3,4,204,cold,poolOfAddresses1,0,,,0.29050707817077637,0.960216760635376,1.5M,,False,,,,,1.46M,1.46M,972.84K bytes/sec,1.00
1,3,5,205,cold,poolOfAddresses1,0,,,0.2981150150299072,0.9571034908294678,1.5M,,False,,,,,1.45M,1.45M,970.11K bytes/sec,1.00
1,3,6,206,cold,poolOfAddresses1,0,,,0.2814197540283203,0.9625811576843262,1.5M,,False,,,,,1.46M,1.46M,972.84K bytes/sec,1.00
1,3,7,207,cold,poolOfAddresses1,0,,,0.2849118709564209,0.9599263668060303,1.5M,,False,,,,,1.45M,1.45M,970.11K bytes/sec,1.00
1,3,8,208,cold,poolOfAddresses1,0,,,0.29482412338256836,0.9619674682617188,1.5M,,False,,,,,1.46M,1.46M,975.57K bytes/sec,1.00
1,3,9,209,cold,poolOfAddresses1,0,,,0.29582691192626953,0.9684381484985352,1.5M,,False,,,,,1.46M,1.46M,975.59K bytes/sec,1.00
1,3,10,210,cold,poolOfAddresses1,0,,,0.2914135456085205,0.9626109600067139,1.5M,,False,,,,,1.46M,1.46M,975.57K bytes/sec,1.00
1,3,11,211,cold,poolOfAddresses1,0,,,0.28949952125549316,0.9929709434509277,1.5M,,False,,,,,1.46M,1.46M,972.83K bytes/sec,1.00
1,3,12,212,cold,poolOfAddresses1,0,,,0.29517364501953125,0.9618854522705078,1.5M,,False,,,,,1.46M,1.46M,972.83K bytes/sec,1.00
1,3,13,213,cold,poolOfAddresses1,0,,,0.2974545955657959,0.9544253349304199,1.5M,,False,,,,,1.46M,1.46M,975.58K bytes/sec,1.00
1,3,14,214,cold,poolOfAddresses1,0,,,0.2847411632537842,0.9642524719238281,1.5M,,False,,,,,1.46M,1.46M,972.84K bytes/sec,1.00
1,3,15,215,cold,poolOfAddresses1,0,,,0.29666876792907715,0.9673895835876465,1.5M,,False,,,,,1.46M,1.46M,972.84K bytes/sec,1.00
1,3,16,216,cold,poolOfAddresses1,0,,,0.28687024116516113,0.958245038986206,1.5M,,False,,,,,1.46M,1.46M,975.58K bytes/sec,1.00
1,3,17,217,cold,poolOfAddresses1,0,,,0.2914772033691406,0.968280553817749,1.5M,,False,,,,,1.46M,1.46M,972.84K bytes/sec,1.00
1,3,18,218,cold,poolOfAddresses1,0,,,0.30240631103515625,0.9669139385223389,1.5M,,False,,,,,1.46M,1.46M,972.84K bytes/sec,1.00
1,3,19,219,cold,poolOfAddresses1,0,,,0.286379337310791,0.9792590141296387,1.5M,,False,,,,,1.46M,1.46M,972.83K bytes/sec,1.00
1,3,20,220,cold,poolOfAddresses1,0,,,0.29663705825805664,0.9529597759246826,1.5M,,False,,,,,1.45M,1.45M,970.11K bytes/sec,1.00
1,3,21,221,cold,poolOfAddresses1,0,,,0.2928900718688965,0.9748520851135254,1.5M,,False,,,,,1.46M,1.46M,975.57K bytes/sec,1.00
1,3,22,222,cold,poolOfAddresses1,0,,,0.29175305366516113,0.972618818283081,1.5M,,False,,,,,1.46M,1.46M,972.84K bytes/sec,1.00
1,3,23,223,cold,poolOfAddresses1,0,,,0.2875955104827881,0.961961030960083,1.5M,,False,,,,,1.46M,1.46M,972.84K bytes/sec,1.00
1,3,24,224,cold,poolOfAddresses1,0,,,0.3001694679260254,0.9593174457550049,1.5M,,False,,,,,1.46M,1.46M,972.84K bytes/sec,1.00
1,3,25,225,cold,poolOfAddresses1,0,,,0.29245901107788086,0.9613635540008545,1.5M,,False,,,,,1.46M,1.46M,972.84K bytes/sec,1.00
1,3,26,226,cold,poolOfAddresses1,0,,,0.2829766273498535,0.9632973670959473,1.5M,,False,,,,,1.46M,1.46M,972.84K bytes/sec,1.00
1,3,27,227,cold,poolOfAddresses1,0,,,0.2945404052734375,0.9597005844116211,1.5M,,False,,,,,1.46M,1.46M,972.84K bytes/sec,1.00
1,3,28,228,cold,poolOfAddresses1,0,,,0.301241397857666,0.9637618064880371,1.5M,,False,,,,,1.45M,1.45M,970.11K bytes/sec,1.00
1,3,29,229,cold,poolOfAddresses1,0,,,0.2862281799316406,0.9734160900115967,1.5M,,False,,,,,1.46M,1.46M,975.58K bytes/sec,1.00
1,3,30,230,cold,poolOfAddresses1,0,,,0.29197120666503906,0.9755520820617676,1.5M,,False,,,,,1.46M,1.46M,972.84K bytes/sec,1.00
1,3,31,231,cold,poolOfAddresses1,0,,,0.2904627323150635,0.9628851413726807,1.5M,,False,,,,,1.46M,1.46M,972.84K bytes/sec,1.00
1,3,32,232,cold,poolOfAddresses1,0,,,0.2925112247467041,0.9571163654327393,1.5M,,False,,,,,1.46M,1.46M,972.83K bytes/sec,1.00
1,3,33,233,cold,poolOfAddresses1,0,,,0.2969784736633301,0.9583723545074463,1.5M,,False,,,,,1.46M,1.46M,972.85K bytes/sec,1.00
1,3,34,234,cold,poolOfAddresses1,0,,,0.30385923385620117,0.9495489597320557,1.5M,,False,,,,,1.46M,1.46M,975.58K bytes/sec,1.00
1,3,35,235,cold,poolOfAddresses1,0,,,0.295546293258667,0.9605937004089355,1.5M,,False,,,,,1.46M,1.46M,975.57K bytes/sec,1.00
1,3,36,236,cold,poolOfAddresses1,0,,,0.29173898696899414,0.9765164852142334,1.5M,,False,,,,,1.46M,1.46M,972.84K bytes/sec,1.00
1,3,37,237,cold,poolOfAddresses1,0,,,0.28830981254577637,0.9617884159088135,1.5M,,False,,,,,1.46M,1.46M,975.58K bytes/sec,1.00
1,3,38,238,cold,poolOfAddresses1,0,,,0.3048563003540039,1.0121240615844727,1.5M,,False,,,,,1.46M,1.46M,972.85K bytes/sec,1.00
1,3,39,239,cold,poolOfAddresses1,0,,,0.294675350189209,0.9674060344696045,1.5M,,False,,,,,1.46M,1.46M,975.58K bytes/sec,1.00
1,3,40,240,cold,poolOfAddresses1,0,,,0.29473257064819336,0.9647960662841797,1.5M,,False,,,,,1.46M,1.46M,972.84K bytes/sec,1.00
1,3,41,241,cold,poolOfAddresses1,0,,,0.2876701354980469,1.0216541290283203,1.5M,,False,,,,,1.46M,1.46M,972.86K bytes/sec,1.00
1,3,42,242,cold,poolOfAddresses1,0,,,0.2920539379119873,0.9586143493652344,1.5M,,False,,,,,1.45M,1.45M,970.13K bytes/sec,1.00
1,3,43,243,cold,poolOfAddresses1,0,,,0.30353665351867676,0.9665112495422363,1.5M,,False,,,,,1.46M,1.46M,972.85K bytes/sec,1.00
1,3,44,244,cold,poolOfAddresses1,0,,,0.3004574775695801,0.9493687152862549,1.5M,,False,,,,,1.46M,1.46M,972.86K bytes/sec,1.00
1,3,45,245,cold,poolOfAddresses1,0,,,0.292020320892334,0.9657983779907227,1.5M,,False,,,,,1.46M,1.46M,975.58K bytes/sec,1.00
1,3,46,246,cold,poolOfAddresses1,0,,,0.29462528228759766,0.9681730270385742,1.5M,,False,,,,,1.45M,1.45M,970.11K bytes/sec,1.00
1,3,47,247,cold,poolOfAddresses1,0,,,0.30842113494873047,0.9625437259674072,1.5M,,False,,,,,1.46M,1.46M,975.57K bytes/sec,1.00
1,3,48,248,cold,poolOfAddresses1,0,,,0.3007972240447998,0.9621636867523193,1.5M,,False,,,,,1.46M,1.46M,975.59K bytes/sec,1.00
1,3,49,249,cold,poolOfAddresses1,0,,,0.2884972095489502,0.951103925704956,1.5M,,False,,,,,1.46M,1.46M,2.92M bytes/sec,1.00
1,3,50,250,cold,poolOfAddresses1,0,,,0.2892124652862549,0.9505186080932617,1.5M,,False,,,,,1.46M,1.46M,972.84K bytes/sec,1.00
1,3,51,251,cold,poolOfAddresses1,0,,,0.2906007766723633,0.9576430320739746,1.5M,,False,,,,,1.46M,1.46M,972.83K bytes/sec,1.00
1,3,52,252,cold,poolOfAddresses1,0,,,0.3060929775238037,0.9648165702819824,1.5M,,False,,,,,1.46M,1.46M,975.57K bytes/sec,1.00
1,3,53,253,cold,poolOfAddresses1,0,,,0.28827714920043945,0.9870438575744629,1.5M,,False,,,,,1.46M,1.46M,972.84K bytes/sec,1.00
1,3,54,254,cold,poolOfAddresses1,0,,,0.278029203414917,0.9556784629821777,1.5M,,False,,,,,1.46M,1.46M,972.84K bytes/sec,1.00
1,3,55,255,cold,poolOfAddresses1,0,,,0.2851269245147705,0.9652819633483887,1.5M,,False,,,,,1.46M,1.46M,975.57K bytes/sec,1.00
1,3,56,256,cold,poolOfAddresses1,0,,,0.2919740676879883,0.9685142040252686,1.5M,,False,,,,,1.46M,1.46M,975.57K bytes/sec,1.00
1,3,57,257,cold,poolOfAddresses1,0,,,0.2872631549835205,0.9758279323577881,1.5M,,False,,,,,1.46M,1.46M,972.84K bytes/sec,1.00
1,3,58,258,cold,poolOfAddresses1,0,,,0.3023648262023926,0.9762454032897949,1.5M,,False,,,,,1.46M,1.46M,975.58K bytes/sec,1.00
1,3,59,259,cold,poolOfAddresses1,0,,,0.28050971031188965,0.9644911289215088,1.5M,,False,,,,,1.46M,1.46M,975.57K bytes/sec,1.00
1,3,60,260,cold,poolOfAddresses1,0,,,0.30607080459594727,0.9543604850769043,1.5M,,False,,,,,1.45M,1.45M,970.11K bytes/sec,1.00
1,3,61,261,cold,poolOfAddresses1,0,,,0.34331703186035156,0.9700760841369629,1.5M,,False,,,,,1.46M,1.46M,975.57K bytes/sec,1.00
1,3,62,262,cold,poolOfAddresses1,0,,,0.30019235610961914,0.9543654918670654,1.5M,,False,,,,,1.46M,1.46M,2.92M bytes/sec,1.00
1,3,63,263,cold,poolOfAddresses1,0,,,0.3016011714935303,0.9602911472320557,1.5M,,False,,,,,1.46M,1.46M,972.87K bytes/sec,1.00
1,3,64,264,cold,poolOfAddresses1,0,,,0.30441904067993164,0.9735984802246094,1.5M,,False,,,,,1.45M,1.45M,970.09K bytes/sec,1.00
1,3,65,265,cold,poolOfAddresses1,0,,,0.29306793212890625,0.9749424457550049,1.5M,,False,,,,,1.46M,1.46M,972.84K bytes/sec,1.00
1,3,66,266,cold,poolOfAddresses1,0,,,0.29177236557006836,0.9768407344818115,1.5M,,False,,,,,1.46M,1.46M,975.60K bytes/sec,1.00
1,3,67,267,cold,poolOfAddresses1,0,,,0.3012268543243408,0.9571082592010498,1.5M,,False,,,,,1.46M,1.46M,972.83K bytes/sec,1.00
1,3,68,268,cold,poolOfAddresses1,0,,,0.19666051864624023,0.9747686386108398,1.5M,,False,,,,,1.46M,1.46M,972.83K bytes/sec,1.00
1,3,69,269,cold,poolOfAddresses1,0,,,0.296694278717041,0.9577517509460449,1.5M,,False,,,,,1.46M,1.46M,972.84K bytes/sec,1.00
1,3,70,270,cold,poolOfAddresses1,0,,,0.3047966957092285,0.9658644199371338,1.5M,,False,,,,,1.46M,1.46M,972.84K bytes/sec,1.00
1,3,71,271,cold,poolOfAddresses1,0,,,0.300140380859375,0.9624311923980713,1.5M,,False,,,,,1.46M,1.46M,972.87K bytes/sec,1.00
1,3,72,272,cold,poolOfAddresses1,0,,,0.2913215160369873,0.9619781970977783,1.5M,,False,,,,,1.45M,1.45M,2.91M bytes/sec,1.00
1,3,73,273,cold,poolOfAddresses1,0,,,0.29126620292663574,0.9645228385925293,1.5M,,False,,,,,1.46M,1.46M,2.93M bytes/sec,1.00
1,3,74,274,cold,poolOfAddresses1,0,,,0.2981116771697998,0.9612686634063721,1.5M,,False,,,,,1.46M,1.46M,975.57K bytes/sec,1.00
1,3,75,275,cold,poolOfAddresses1,0,,,0.2847104072570801,0.9755327701568604,1.5M,,False,,,,,1.46M,1.46M,975.57K bytes/sec,1.00
1,3,76,276,cold,poolOfAddresses1,0,,,0.29646754264831543,0.9861564636230469,1.5M,,False,,,,,1.46M,1.46M,975.57K bytes/sec,1.00
1,3,77,277,cold,poolOfAddresses1,0,,,0.2931556701660156,1.0219945907592773,1.5M,,False,,,,,1.45M,1.45M,970.11K bytes/sec,1.00
1,3,78,278,cold,poolOfAddresses1,0,,,0.28842639923095703,0.9661002159118652,1.5M,,False,,,,,1.46M,1.46M,975.57K bytes/sec,1.00
1,3,79,279,cold,poolOfAddresses1,0,,,0.28921985626220703,0.9639239311218262,1.5M,,False,,,,,1.46M,1.46M,2.93M bytes/sec,1.00
1,3,80,280,cold,poolOfAddresses1,0,,,0.29598331451416016,0.9709134101867676,1.5M,,False,,,,,1.46M,1.46M,975.56K bytes/sec,1.00
1,3,81,281,cold,poolOfAddresses1,0,,,0.2836878299713135,0.9652912616729736,1.5M,,False,,,,,1.45M,1.45M,970.13K bytes/sec,1.00
1,3,82,282,cold,poolOfAddresses1,0,,,0.30761122703552246,0.957160234451294,1.5M,,False,,,,,1.46M,1.46M,975.59K bytes/sec,1.00
1,3,83,283,cold,poolOfAddresses1,0,,,0.29027462005615234,0.9824948310852051,1.5M,,False,,,,,1.46M,1.46M,975.60K bytes/sec,1.00
1,3,84,284,cold,poolOfAddresses1,0,,,0.29512643814086914,0.9730596542358398,1.5M,,False,,,,,1.46M,1.46M,972.83K bytes/sec,1.00
1,3,85,285,cold,poolOfAddresses1,0,,,0.2969832420349121,0.9686455726623535,1.5M,,False,,,,,1.46M,1.46M,975.57K bytes/sec,1.00
1,3,86,286,cold,poolOfAddresses1,0,,,0.3052818775177002,0.964611291885376,1.5M,,False,,,,,1.46M,1.46M,975.57K bytes/sec,1.00
1,3,87,287,cold,poolOfAddresses1,0,,,0.29485344886779785,0.9806714057922363,1.5M,,False,,,,,1.46M,1.46M,972.83K bytes/sec,1.00
1,3,88,288,cold,poolOfAddresses1,0,,,0.2916297912597656,0.9644246101379395,1.5M,,False,,,,,1.46M,1.46M,972.84K bytes/sec,1.00
1,3,89,289,cold,poolOfAddresses1,0,,,0.2994053363800049,0.9675378799438477,1.5M,,False,,,,,1.46M,1.46M,972.84K bytes/sec,1.00
1,3,90,290,cold,poolOfAddresses1,0,,,0.29143548011779785,0.9898724555969238,1.5M,,False,,,,,1.46M,1.46M,975.57K bytes/sec,1.00
1,3,91,291,cold,poolOfAddresses1,0,,,0.280409574508667,0.9616115093231201,1.5M,,False,,,,,1.46M,1.46M,975.57K bytes/sec,1.00
1,3,92,292,cold,poolOfAddresses1,0,,,0.29989004135131836,0.9647290706634521,1.5M,,False,,,,,1.46M,1.46M,975.57K bytes/sec,1.00
1,3,93,293,cold,poolOfAddresses1,0,,,0.29216766357421875,0.9639837741851807,1.5M,,False,,,,,1.46M,1.46M,972.84K bytes/sec,1.00
1,3,94,294,cold,poolOfAddresses1,0,,,0.28579115867614746,0.9703140258789062,1.5M,,False,,,,,1.45M,1.45M,970.11K bytes/sec,1.00
1,3,95,295,cold,poolOfAddresses1,0,,,0.28496670722961426,0.9773285388946533,1.5M,,False,,,,,1.46M,1.46M,975.57K bytes/sec,1.00
1,3,96,296,cold,poolOfAddresses1,0,,,0.3086392879486084,0.9766392707824707,1.5M,,False,,,,,1.46M,1.46M,972.84K bytes/sec,1.00
1,3,97,297,cold,poolOfAddresses1,0,,,0.30005645751953125,0.9812042713165283,1.5M,,False,,,,,1.46M,1.46M,972.83K bytes/sec,1.00
1,3,98,298,cold,poolOfAddresses1,0,,,0.297027587890625,0.9819073677062988,1.5M,,False,,,,,1.46M,1.46M,975.57K bytes/sec,1.00
1,3,99,299,cold,poolOfAddresses1,0,,,0.3048992156982422,0.9673528671264648,1.5M,,False,,,,,1.46M,1.46M,972.84K bytes/sec,1.00
1,3,100,300,cold,poolOfAddresses1,0,,,0.2842566967010498,0.9737575054168701,1.5M,,False,,,,,1.46M,1.46M,972.83K bytes/sec,1.00
1,4,1,301,cold,poolOfAddresses2,0,,,0.29726576805114746,0.9710719585418701,1.5M,,False,,,,,1.46M,1.46M,972.84K bytes/sec,1.00
1,4,2,302,cold,poolOfAddresses2,0,,,0.29349231719970703,0.9696528911590576,1.5M,,False,,,,,1.46M,1.46M,972.84K bytes/sec,1.00
1,4,3,303,cold,poolOfAddresses2,0,,,0.2921609878540039,1.0143101215362549,1.5M,,False,,,,,1.46M,1.46M,972.83K bytes/sec,1.00
1,4,4,304,cold,poolOfAddresses2,0,,,0.29417991638183594,0.9786074161529541,1.5M,,False,,,,,1.46M,1.46M,975.57K bytes/sec,1.00
1,4,5,305,cold,poolOfAddresses2,0,,,0.28321385383605957,1.0037562847137451,1.5M,,False,,,,,1.46M,1.46M,972.75K bytes/sec,1.00
1,4,6,306,cold,poolOfAddresses2,0,,,0.3042922019958496,0.9634199142456055,1.5M,,False,,,,,1.46M,1.46M,975.57K bytes/sec,1.00
1,4,7,307,cold,poolOfAddresses2,0,,,0.2822446823120117,0.9730489253997803,1.5M,,False,,,,,1.46M,1.46M,975.57K bytes/sec,1.00
1,4,8,308,cold,poolOfAddresses2,0,,,0.3021712303161621,0.9657506942749023,1.5M,,False,,,,,1.46M,1.46M,972.86K bytes/sec,1.00
1,4,9,309,cold,poolOfAddresses2,0,,,0.2984938621520996,0.9778404235839844,1.5M,,False,,,,,1.46M,1.46M,975.57K bytes/sec,1.00
1,4,10,310,cold,poolOfAddresses2,0,,,0.30207109451293945,0.9540760517120361,1.5M,,False,,,,,1.46M,1.46M,975.59K bytes/sec,1.00
1,4,11,311,cold,poolOfAddresses2,0,,,0.2984321117401123,0.9533395767211914,1.5M,,False,,,,,1.46M,1.46M,975.60K bytes/sec,1.00
1,4,12,312,cold,poolOfAddresses2,0,,,0.2933075428009033,0.9667398929595947,1.5M,,False,,,,,1.46M,1.46M,975.59K bytes/sec,1.00
1,4,13,313,cold,poolOfAddresses2,0,,,0.29952049255371094,0.9606997966766357,1.5M,,False,,,,,1.46M,1.46M,972.82K bytes/sec,1.00
1,4,14,314,cold,poolOfAddresses2,0,,,0.293062686920166,0.982344388961792,1.5M,,False,,,,,1.46M,1.46M,975.57K bytes/sec,1.00
1,4,15,315,cold,poolOfAddresses2,0,,,0.29320526123046875,0.9599902629852295,1.5M,,False,,,,,1.46M,1.46M,975.58K bytes/sec,1.00
1,4,16,316,cold,poolOfAddresses2,0,,,0.28508496284484863,0.9808108806610107,1.5M,,False,,,,,1.46M,1.47M,978.31K bytes/sec,1.00
1,4,17,317,cold,poolOfAddresses2,0,,,0.3003396987915039,0.9774761199951172,1.5M,,False,,,,,1.45M,1.45M,970.11K bytes/sec,1.00
1,4,18,318,cold,poolOfAddresses2,0,,,0.2969779968261719,0.9544124603271484,1.5M,,False,,,,,1.46M,1.46M,972.84K bytes/sec,1.00
1,4,19,319,cold,poolOfAddresses2,0,,,0.30715513229370117,0.9649593830108643,1.5M,,False,,,,,1.46M,1.46M,972.84K bytes/sec,1.00
1,4,20,320,cold,poolOfAddresses2,0,,,0.27461838722229004,0.9646153450012207,1.5M,,False,,,,,1.46M,1.46M,975.56K bytes/sec,1.00
1,4,21,321,cold,poolOfAddresses2,0,,,0.30135393142700195,0.9668538570404053,1.5M,,False,,,,,1.45M,1.45M,970.10K bytes/sec,1.00
1,4,22,322,cold,poolOfAddresses2,0,,,0.29385805130004883,0.9586367607116699,1.5M,,False,,,,,1.45M,1.45M,970.11K bytes/sec,1.00
1,4,23,323,cold,poolOfAddresses2,0,,,0.28627657890319824,0.9740917682647705,1.5M,,False,,,,,1.46M,1.46M,975.57K bytes/sec,1.00
1,4,24,324,cold,poolOfAddresses2,0,,,0.2891843318939209,0.976386308670044,1.5M,,False,,,,,1.46M,1.46M,975.58K bytes/sec,1.00
1,4,25,325,cold,poolOfAddresses2,0,,,0.28651928901672363,1.010178565979004,1.5M,,False,,,,,1.46M,1.46M,975.57K bytes/sec,1.00
1,4,26,326,cold,poolOfAddresses2,0,,,0.2956202030181885,1.0097033977508545,1.5M,,False,,,,,1.46M,1.46M,972.84K bytes/sec,1.00
1,4,27,327,cold,poolOfAddresses2,0,,,0.3034651279449463,0.9657697677612305,1.5M,,False,,,,,1.46M,1.46M,972.83K bytes/sec,1.00
1,4,28,328,cold,poolOfAddresses2,0,,,0.2907567024230957,0.9685945510864258,1.5M,,False,,,,,1.46M,1.46M,972.83K bytes/sec,1.00
1,4,29,329,cold,poolOfAddresses2,0,,,0.2933642864227295,0.9726624488830566,1.5M,,False,,,,,1.46M,1.46M,972.84K bytes/sec,1.00
1,4,30,330,cold,poolOfAddresses2,0,,,0.29413366317749023,0.959273099899292,1.5M,,False,,,,,1.46M,1.46M,975.57K bytes/sec,1.00
1,4,31,331,cold,poolOfAddresses2,0,,,0.2863807678222656,0.9655349254608154,1.5M,,False,,,,,1.46M,1.46M,972.84K bytes/sec,1.00
1,4,32,332,cold,poolOfAddresses2,0,,,0.28220343589782715,0.9782805442810059,1.5M,,False,,,,,1.46M,1.46M,972.83K bytes/sec,1.00
1,4,33,333,cold,poolOfAddresses2,0,,,0.29323863983154297,0.9555306434631348,1.5M,,False,,,,,1.46M,1.46M,972.84K bytes/sec,1.00
1,4,34,334,cold,poolOfAddresses2,0,,,0.3001730442047119,0.9547059535980225,1.5M,,False,,,,,1.46M,1.46M,972.85K bytes/sec,1.00
1,4,35,335,cold,poolOfAddresses2,0,,,0.29635000228881836,0.966325044631958,1.5M,,False,,,,,1.46M,1.46M,972.84K bytes/sec,1.00
1,4,36,336,cold,poolOfAddresses2,0,,,0.28713130950927734,0.98195481300354,1.5M,,False,,,,,1.46M,1.46M,972.83K bytes/sec,1.00
1,4,37,337,cold,poolOfAddresses2,0,,,0.29581212997436523,0.9841761589050293,1.5M,,False,,,,,1.46M,1.46M,972.84K bytes/sec,1.00
1,4,38,338,cold,poolOfAddresses2,0,,,0.30372190475463867,0.9605934619903564,1.5M,,False,,,,,1.46M,1.46M,2.92M bytes/sec,1.00
1,4,39,339,cold,poolOfAddresses2,0,,,0.2966792583465576,0.9660797119140625,1.5M,,False,,,,,1.46M,1.46M,975.56K bytes/sec,1.00
1,4,40,340,cold,poolOfAddresses2,0,,,0.2974090576171875,0.9650223255157471,1.5M,,False,,,,,1.46M,1.46M,972.84K bytes/sec,1.00
1,4,41,341,cold,poolOfAddresses2,0,,,0.3007338047027588,0.9695522785186768,1.5M,,False,,,,,1.46M,1.46M,972.84K bytes/sec,1.00
1,4,42,342,cold,poolOfAddresses2,0,,,0.29601454734802246,0.9744656085968018,1.5M,,False,,,,,1.46M,1.46M,975.56K bytes/sec,1.00
1,4,43,343,cold,poolOfAddresses2,0,,,0.2880067825317383,1.0104725360870361,1.5M,,False,,,,,1.46M,1.46M,972.84K bytes/sec,1.00
1,4,44,344,cold,poolOfAddresses2,0,,,0.30252695083618164,0.9568982124328613,1.5M,,False,,,,,1.46M,1.46M,2.92M bytes/sec,1.00
1,4,45,345,cold,poolOfAddresses2,0,,,0.28660035133361816,0.9677817821502686,1.5M,,False,,,,,1.46M,1.46M,972.84K bytes/sec,1.00
1,4,46,346,cold,poolOfAddresses2,0,,,0.30162715911865234,0.9567301273345947,1.5M,,False,,,,,1.46M,1.46M,972.84K bytes/sec,1.00
1,4,47,347,cold,poolOfAddresses2,0,,,0.29363346099853516,0.9507100582122803,1.5M,,False,,,,,1.46M,1.46M,972.84K bytes/sec,1.00
1,4,48,348,cold,poolOfAddresses2,0,,,0.28832292556762695,0.9551219940185547,1.5M,,False,,,,,1.46M,1.46M,972.84K bytes/sec,1.00
1,4,49,349,cold,poolOfAddresses2,0,,,0.29645466804504395,0.971275806427002,1.5M,,False,,,,,1.46M,1.46M,972.84K bytes/sec,1.00
1,4,50,350,cold,poolOfAddresses2,0,,,0.30201148986816406,0.9667012691497803,1.5M,,False,,,,,1.46M,1.46M,972.84K bytes/sec,1.00
1,4,51,351,cold,poolOfAddresses2,0,,,0.299954891204834,0.9566142559051514,1.5M,,False,,,,,1.46M,1.46M,975.57K bytes/sec,1.00
1,4,52,352,cold,poolOfAddresses2,0,,,0.3010745048522949,0.9904556274414062,1.5M,,False,,,,,1.46M,1.46M,972.84K bytes/sec,1.00
1,4,53,353,cold,poolOfAddresses2,0,,,0.20475554466247559,0.969658374786377,1.5M,,False,,,,,1.46M,1.47M,978.31K bytes/sec,1.00
1,4,54,354,cold,poolOfAddresses2,0,,,0.28703904151916504,0.9638967514038086,1.5M,,False,,,,,1.46M,1.46M,975.57K bytes/sec,1.00
1,4,55,355,cold,poolOfAddresses2,0,,,0.28931570053100586,0.9710948467254639,1.5M,,False,,,,,1.46M,1.46M,972.83K bytes/sec,1.00
1,4,56,356,cold,poolOfAddresses2,0,,,0.29285478591918945,0.9637312889099121,1.5M,,False,,,,,1.46M,1.46M,972.85K bytes/sec,1.00
1,4,57,357,cold,poolOfAddresses2,0,,,0.2833869457244873,1.038337230682373,1.5M,,False,,,,,1.46M,1.46M,975.58K bytes/sec,1.00
1,4,58,358,cold,poolOfAddresses2,0,,,0.2983994483947754,0.9607925415039062,1.5M,,False,,,,,1.46M,1.46M,972.86K bytes/sec,1.00
1,4,59,359,cold,poolOfAddresses2,0,,,0.28687214851379395,0.9574460983276367,1.5M,,False,,,,,1.45M,1.45M,970.13K bytes/sec,1.00
1,4,60,360,cold,poolOfAddresses2,0,,,0.2978475093841553,0.9694235324859619,1.5M,,False,,,,,1.46M,1.46M,972.84K bytes/sec,1.00
1,4,61,361,cold,poolOfAddresses2,0,,,0.20163750648498535,0.9639792442321777,1.5M,,False,,,,,1.46M,1.46M,972.84K bytes/sec,1.00
1,4,62,362,cold,poolOfAddresses2,0,,,0.29693102836608887,0.9653079509735107,1.5M,,False,,,,,1.46M,1.46M,972.84K bytes/sec,1.00
1,4,63,363,cold,poolOfAddresses2,0,,,0.28681325912475586,0.9621865749359131,1.5M,,False,,,,,1.46M,1.46M,975.57K bytes/sec,1.00
1,4,64,364,cold,poolOfAddresses2,0,,,0.303877592086792,0.9638304710388184,1.5M,,False,,,,,1.46M,1.46M,975.57K bytes/sec,1.00
1,4,65,365,cold,poolOfAddresses2,0,,,0.2914919853210449,0.9694666862487793,1.5M,,False,,,,,1.46M,1.46M,975.57K bytes/sec,1.00
1,4,66,366,cold,poolOfAddresses2,0,,,0.29494810104370117,0.9573276042938232,1.5M,,False,,,,,1.46M,1.46M,972.83K bytes/sec,1.00
1,4,67,367,cold,poolOfAddresses2,0,,,0.2945408821105957,0.9679949283599854,1.5M,,False,,,,,1.46M,1.46M,2.92M bytes/sec,1.00
1,4,68,368,cold,poolOfAddresses2,0,,,0.3002035617828369,0.9616119861602783,1.5M,,False,,,,,1.46M,1.46M,2.92M bytes/sec,1.00
1,4,69,369,cold,poolOfAddresses2,0,,,0.2898671627044678,0.9705743789672852,1.5M,,False,,,,,1.46M,1.46M,975.56K bytes/sec,1.00
1,4,70,370,cold,poolOfAddresses2,0,,,0.3080868721008301,1.0178735256195068,1.5M,,False,,,,,1.46M,1.46M,972.84K bytes/sec,1.00
1,4,71,371,cold,poolOfAddresses2,0,,,0.29397034645080566,0.9739408493041992,1.5M,,False,,,,,1.46M,1.46M,972.84K bytes/sec,1.00
1,4,72,372,cold,poolOfAddresses2,0,,,0.29850196838378906,0.9663097858428955,1.5M,,False,,,,,1.46M,1.47M,978.30K bytes/sec,1.00
1,4,73,373,cold,poolOfAddresses2,0,,,0.30132055282592773,1.0235400199890137,1.5M,,False,,,,,1.45M,1.45M,970.10K bytes/sec,1.00
1,4,74,374,cold,poolOfAddresses2,0,,,0.2835514545440674,0.9754047393798828,1.5M,,False,,,,,1.46M,1.46M,975.57K bytes/sec,1.00
1,4,75,375,cold,poolOfAddresses2,0,,,0.2890164852142334,0.937769889831543,1.5M,,False,,,,,1.45M,1.45M,970.11K bytes/sec,1.00
1,4,76,376,cold,poolOfAddresses2,0,,,0.28627991676330566,0.9733180999755859,1.5M,,False,,,,,1.46M,1.46M,972.85K bytes/sec,1.00
1,4,77,377,cold,poolOfAddresses2,0,,,0.2931838035583496,0.9583516120910645,1.5M,,False,,,,,1.46M,1.46M,975.58K bytes/sec,1.00
1,4,78,378,cold,poolOfAddresses2,0,,,0.28779149055480957,0.9664425849914551,1.5M,,False,,,,,1.46M,1.46M,972.84K bytes/sec,1.00
1,4,79,379,cold,poolOfAddresses2,0,,,0.2991933822631836,0.9585049152374268,1.5M,,False,,,,,1.46M,1.46M,972.84K bytes/sec,1.00
1,4,80,380,cold,poolOfAddresses2,0,,,0.29801130294799805,0.969872236251831,1.5M,,False,,,,,1.46M,1.46M,972.83K bytes/sec,1.00
1,4,81,381,cold,poolOfAddresses2,0,,,0.29106807708740234,0.9692072868347168,1.5M,,False,,,,,1.46M,1.46M,972.76K bytes/sec,1.00
1,4,82,382,cold,poolOfAddresses2,0,,,0.2986767292022705,0.9657132625579834,1.5M,,False,,,,,1.46M,1.46M,972.82K bytes/sec,1.00
1,4,83,383,cold,poolOfAddresses2,0,,,0.2956361770629883,0.9627482891082764,1.5M,,False,,,,,1.46M,1.46M,972.84K bytes/sec,1.00
1,4,84,384,cold,poolOfAddresses2,0,,,0.2956676483154297,0.9554402828216553,1.5M,,False,,,,,1.46M,1.47M,978.33K bytes/sec,1.00
1,4,85,385,cold,poolOfAddresses2,0,,,0.2920827865600586,0.9633083343505859,1.5M,,False,,,,,1.46M,1.46M,975.58K bytes/sec,1.00
1,4,86,386,cold,poolOfAddresses2,0,,,0.29947590827941895,0.9759228229522705,1.5M,,False,,,,,1.46M,1.46M,972.84K bytes/sec,1.00
1,4,87,387,cold,poolOfAddresses2,0,,,0.281907320022583,0.9772400856018066,1.5M,,False,,,,,1.45M,1.45M,970.11K bytes/sec,1.00
1,4,88,388,cold,poolOfAddresses2,0,,,0.2914886474609375,0.974149227142334,1.5M,,False,,,,,1.45M,1.45M,970.13K bytes/sec,1.00
1,4,89,389,cold,poolOfAddresses2,0,,,0.2913086414337158,0.9685258865356445,1.5M,,False,,,,,1.46M,1.46M,975.60K bytes/sec,1.00
1,4,90,390,cold,poolOfAddresses2,0,,,0.30117225646972656,0.9663114547729492,1.5M,,False,,,,,1.46M,1.46M,975.60K bytes/sec,1.00
1,4,91,391,cold,poolOfAddresses2,0,,,0.28531837463378906,0.9556350708007812,1.5M,,False,,,,,1.45M,1.45M,2.91M bytes/sec,1.00
1,4,92,392,cold,poolOfAddresses2,0,,,0.3058154582977295,0.9565455913543701,1.5M,,False,,,,,1.46M,1.46M,975.57K bytes/sec,1.00
1,4,93,393,cold,poolOfAddresses2,0,,,0.2938241958618164,0.9695868492126465,1.5M,,False,,,,,1.45M,1.45M,970.11K bytes/sec,1.00
1,4,94,394,cold,poolOfAddresses2,0,,,0.3014240264892578,0.9742817878723145,1.5M,,False,,,,,1.46M,1.46M,975.56K bytes/sec,1.00
1,4,95,395,cold,poolOfAddresses2,0,,,0.29151105880737305,0.9474959373474121,1.5M,,False,,,,,1.46M,1.46M,975.56K bytes/sec,1.00
1,4,96,396,cold,poolOfAddresses2,0,,,0.3062405586242676,0.992957353591919,1.5M,,False,,,,,1.46M,1.46M,972.84K bytes/sec,1.00
1,4,97,397,cold,poolOfAddresses2,0,,,0.3007965087890625,0.9619472026824951,1.5M,,False,,,,,1.46M,1.46M,972.84K bytes/sec,1.00
1,4,98,398,cold,poolOfAddresses2,0,,,0.2876296043395996,0.9657211303710938,1.5M,,False,,,,,1.46M,1.46M,972.83K bytes/sec,1.00
1,4,99,399,cold,poolOfAddresses2,0,,,0.28931140899658203,0.984032392501831,1.5M,,False,,,,,1.45M,1.45M,970.13K bytes/sec,1.00
1,4,100,400,cold,poolOfAddresses2,0,,,0.3038945198059082,0.963282585144043,1.5M,,False,,,,,1.46M,1.46M,972.83K bytes/sec,1.00
1,5,1,401,cold,poolOfAddresses3,0,,,0.2827928066253662,0.9749455451965332,1.5M,,False,,,,,1.46M,1.46M,972.84K bytes/sec,1.00
1,5,2,402,cold,poolOfAddresses3,0,,,0.2881951332092285,0.9747095108032227,1.5M,,False,,,,,1.46M,1.46M,975.58K bytes/sec,1.00
1,5,3,403,cold,poolOfAddresses3,0,,,0.27760863304138184,0.9546141624450684,1.5M,,False,,,,,1.46M,1.46M,975.60K bytes/sec,1.00
1,5,4,404,cold,poolOfAddresses3,0,,,0.28373193740844727,0.9637980461120605,1.5M,,False,,,,,1.46M,1.46M,975.60K bytes/sec,1.00
1,5,5,405,cold,poolOfAddresses3,0,,,0.30458664894104004,0.9504261016845703,1.5M,,False,,,,,1.46M,1.46M,2.92M bytes/sec,1.00
1,5,6,406,cold,poolOfAddresses3,0,,,0.29976558685302734,0.9632570743560791,1.5M,,False,,,,,1.46M,1.46M,972.84K bytes/sec,1.00
1,5,7,407,cold,poolOfAddresses3,0,,,0.2923550605773926,0.9780797958374023,1.5M,,False,,,,,1.46M,1.46M,975.58K bytes/sec,1.00
1,5,8,408,cold,poolOfAddresses3,0,,,0.29857826232910156,0.9751129150390625,1.5M,,False,,,,,1.46M,1.46M,975.57K bytes/sec,1.00
1,5,9,409,cold,poolOfAddresses3,0,,,0.2996814250946045,0.9858930110931396,1.5M,,False,,,,,1.46M,1.46M,975.58K bytes/sec,1.00
1,5,10,410,cold,poolOfAddresses3,0,,,0.286635160446167,0.9674549102783203,1.5M,,False,,,,,1.45M,1.45M,970.10K bytes/sec,1.00
1,5,11,411,cold,poolOfAddresses3,0,,,0.28704142570495605,0.9637115001678467,1.5M,,False,,,,,1.46M,1.46M,972.84K bytes/sec,1.00
1,5,12,412,cold,poolOfAddresses3,0,,,0.30486416816711426,0.9616150856018066,1.5M,,False,,,,,1.46M,1.46M,972.84K bytes/sec,1.00
1,5,13,413,cold,poolOfAddresses3,0,,,0.3079533576965332,0.9576737880706787,1.5M,,False,,,,,1.46M,1.46M,975.58K bytes/sec,1.00
1,5,14,414,cold,poolOfAddresses3,0,,,0.28949594497680664,0.9740428924560547,1.5M,,False,,,,,1.45M,1.45M,970.11K bytes/sec,1.00
1,5,15,415,cold,poolOfAddresses3,0,,,0.2922501564025879,0.96624755859375,1.5M,,False,,,,,1.46M,1.46M,975.57K bytes/sec,1.00
1,5,16,416,cold,poolOfAddresses3,0,,,0.29373836517333984,0.9582576751708984,1.5M,,False,,,,,1.46M,1.46M,972.84K bytes/sec,1.00
1,5,17,417,cold,poolOfAddresses3,0,,,0.20023155212402344,0.9718971252441406,1.5M,,False,,,,,1.46M,1.46M,975.57K bytes/sec,1.00
1,5,18,418,cold,poolOfAddresses3,0,,,0.3036210536956787,0.9602198600769043,1.5M,,False,,,,,1.45M,1.45M,970.10K bytes/sec,1.00
1,5,19,419,cold,poolOfAddresses3,0,,,0.2843208312988281,0.963092565536499,1.5M,,False,,,,,1.46M,1.46M,972.84K bytes/sec,1.00
1,5,20,420,cold,poolOfAddresses3,0,,,0.3019700050354004,0.972501277923584,1.5M,,False,,,,,1.46M,1.46M,975.57K bytes/sec,1.00
1,5,21,421,cold,poolOfAddresses3,0,,,0.28598904609680176,0.9653663635253906,1.5M,,False,,,,,1.46M,1.46M,972.84K bytes/sec,1.00
1,5,22,422,cold,poolOfAddresses3,0,,,0.30047607421875,0.971966028213501,1.5M,,False,,,,,1.46M,1.46M,972.86K bytes/sec,1.00
1,5,23,423,cold,poolOfAddresses3,0,,,0.2918579578399658,0.9690721035003662,1.5M,,False,,,,,1.46M,1.46M,975.55K bytes/sec,1.00
1,5,24,424,cold,poolOfAddresses3,0,,,0.3029484748840332,0.9633417129516602,1.5M,,False,,,,,1.46M,1.46M,972.84K bytes/sec,1.00
1,5,25,425,cold,poolOfAddresses3,0,,,0.2911083698272705,0.9601998329162598,1.5M,,False,,,,,1.46M,1.46M,972.84K bytes/sec,1.00
1,5,26,426,cold,poolOfAddresses3,0,,,0.28756165504455566,0.9759535789489746,1.5M,,False,,,,,1.46M,1.46M,972.83K bytes/sec,1.00
1,5,27,427,cold,poolOfAddresses3,0,,,0.3000681400299072,0.9726588726043701,1.5M,,False,,,,,1.46M,1.46M,972.84K bytes/sec,1.00
1,5,28,428,cold,poolOfAddresses3,0,,,0.28667306900024414,0.9636232852935791,1.5M,,False,,,,,1.46M,1.46M,975.56K bytes/sec,1.00
1,5,29,429,cold,poolOfAddresses3,0,,,0.2961852550506592,0.9743003845214844,1.5M,,False,,,,,1.46M,1.46M,972.86K bytes/sec,1.00
1,5,30,430,cold,poolOfAddresses3,0,,,0.29042744636535645,0.9669718742370605,1.5M,,False,,,,,1.46M,1.46M,972.84K bytes/sec,1.00
1,5,31,431,cold,poolOfAddresses3,0,,,0.28917980194091797,0.9789631366729736,1.5M,,False,,,,,1.46M,1.46M,975.58K bytes/sec,1.00
1,5,32,432,cold,poolOfAddresses3,0,,,0.301239013671875,0.9757640361785889,1.5M,,False,,,,,1.46M,1.46M,972.83K bytes/sec,1.00
1,5,33,433,cold,poolOfAddresses3,0,,,0.2839505672454834,1.0160117149353027,1.5M,,False,,,,,1.46M,1.46M,972.84K bytes/sec,1.00
1,5,34,434,cold,poolOfAddresses3,0,,,0.30344367027282715,0.9552488327026367,1.5M,,False,,,,,1.46M,1.46M,972.84K bytes/sec,1.00
1,5,35,435,cold,poolOfAddresses3,0,,,0.3052256107330322,0.9655585289001465,1.5M,,False,,,,,1.46M,1.46M,972.84K bytes/sec,1.00
1,5,36,436,cold,poolOfAddresses3,0,,,0.30393075942993164,0.9649791717529297,1.5M,,False,,,,,1.46M,1.46M,972.83K bytes/sec,1.00
1,5,37,437,cold,poolOfAddresses3,0,,,0.2943239212036133,0.9661529064178467,1.5M,,False,,,,,1.46M,1.46M,972.83K bytes/sec,1.00
1,5,38,438,cold,poolOfAddresses3,0,,,0.2999262809753418,0.962993860244751,1.5M,,False,,,,,1.46M,1.46M,972.85K bytes/sec,1.00
1,5,39,439,cold,poolOfAddresses3,0,,,0.2976658344268799,0.9688210487365723,1.5M,,False,,,,,1.46M,1.46M,972.86K bytes/sec,1.00
1,5,40,440,cold,poolOfAddresses3,0,,,0.2968413829803467,0.9617109298706055,1.5M,,False,,,,,1.46M,1.46M,2.93M bytes/sec,1.00
1,5,41,441,cold,poolOfAddresses3,0,,,0.29135942459106445,0.9667723178863525,1.5M,,False,,,,,1.45M,1.45M,970.09K bytes/sec,1.00
1,5,42,442,cold,poolOfAddresses3,0,,,0.29575371742248535,0.9777059555053711,1.5M,,False,,,,,1.45M,1.45M,970.11K bytes/sec,1.00
1,5,43,443,cold,poolOfAddresses3,0,,,0.2893381118774414,1.0040669441223145,1.5M,,False,,,,,1.46M,1.46M,972.85K bytes/sec,1.00
1,5,44,444,cold,poolOfAddresses3,0,,,0.29872894287109375,0.9744281768798828,1.5M,,False,,,,,1.46M,1.46M,972.83K bytes/sec,1.00
1,5,45,445,cold,poolOfAddresses3,0,,,0.29151201248168945,0.9627933502197266,1.5M,,False,,,,,1.46M,1.46M,972.83K bytes/sec,1.00
1,5,46,446,cold,poolOfAddresses3,0,,,0.2998170852661133,0.9717013835906982,1.5M,,False,,,,,1.45M,1.45M,970.11K bytes/sec,1.00
1,5,47,447,cold,poolOfAddresses3,0,,,0.2993345260620117,0.9528281688690186,1.5M,,False,,,,,1.46M,1.46M,972.84K bytes/sec,1.00
1,5,48,448,cold,poolOfAddresses3,0,,,0.29918694496154785,0.9701666831970215,1.5M,,False,,,,,1.46M,1.46M,975.57K bytes/sec,1.00
1,5,49,449,cold,poolOfAddresses3,0,,,0.28513574600219727,0.9794788360595703,1.5M,,False,,,,,1.46M,1.46M,972.84K bytes/sec,1.00
1,5,50,450,cold,poolOfAddresses3,0,,,0.2944018840789795,0.9873743057250977,1.5M,,False,,,,,1.46M,1.46M,972.84K bytes/sec,1.00
1,5,51,451,cold,poolOfAddresses3,0,,,0.2978222370147705,0.969080924987793,1.5M,,False,,,,,1.46M,1.46M,972.84K bytes/sec,1.00
1,5,52,452,cold,poolOfAddresses3,0,,,0.29947614669799805,0.9740684032440186,1.5M,,False,,,,,1.46M,1.46M,972.87K bytes/sec,1.00
1,5,53,453,cold,poolOfAddresses3,0,,,0.29928088188171387,0.981165885925293,1.5M,,False,,,,,1.46M,1.46M,975.57K bytes/sec,1.00
1,5,54,454,cold,poolOfAddresses3,0,,,0.28699183464050293,0.950089693069458,1.5M,,False,,,,,1.46M,1.46M,972.82K bytes/sec,1.00
1,5,55,455,cold,poolOfAddresses3,0,,,0.3030123710632324,0.969351053237915,1.5M,,False,,,,,1.45M,1.45M,970.11K bytes/sec,1.00
1,5,56,456,cold,poolOfAddresses3,0,,,0.19399547576904297,0.9670350551605225,1.5M,,False,,,,,1.46M,1.46M,972.84K bytes/sec,1.00
1,5,57,457,cold,poolOfAddresses3,0,,,0.29665470123291016,0.973289966583252,1.5M,,False,,,,,1.46M,1.46M,975.56K bytes/sec,1.00
1,5,58,458,cold,poolOfAddresses3,0,,,0.298431396484375,0.9668698310852051,1.5M,,False,,,,,1.46M,1.46M,972.83K bytes/sec,1.00
1,5,59,459,cold,poolOfAddresses3,0,,,0.28283214569091797,0.9747011661529541,1.5M,,False,,,,,1.46M,1.46M,972.85K bytes/sec,1.00
1,5,60,460,cold,poolOfAddresses3,0,,,0.2995772361755371,1.0189809799194336,1.5M,,False,,,,,1.46M,1.46M,972.84K bytes/sec,1.00
1,5,61,461,cold,poolOfAddresses3,0,,,0.2955963611602783,1.0062787532806396,1.5M,,False,,,,,1.46M,1.46M,972.83K bytes/sec,1.00
1,5,62,462,cold,poolOfAddresses3,0,,,0.3004293441772461,0.9731533527374268,1.5M,,False,,,,,1.46M,1.46M,972.84K bytes/sec,1.00
1,5,63,463,cold,poolOfAddresses3,0,,,0.2910904884338379,0.959486722946167,1.5M,,False,,,,,1.46M,1.46M,975.56K bytes/sec,1.00
1,5,64,464,cold,poolOfAddresses3,0,,,0.29679179191589355,0.9757261276245117,1.5M,,False,,,,,1.46M,1.46M,975.57K bytes/sec,1.00
1,5,65,465,cold,poolOfAddresses3,0,,,0.2832925319671631,0.9723470211029053,1.5M,,False,,,,,1.46M,1.46M,975.58K bytes/sec,1.00
1,5,66,466,cold,poolOfAddresses3,0,,,0.29860782623291016,0.9749302864074707,1.5M,,False,,,,,1.46M,1.46M,975.57K bytes/sec,1.00
1,5,67,467,cold,poolOfAddresses3,0,,,0.28710079193115234,0.9761152267456055,1.5M,,False,,,,,1.46M,1.46M,975.57K bytes/sec,1.00
1,5,68,468,cold,poolOfAddresses3,0,,,0.2783074378967285,0.9569029808044434,1.5M,,False,,,,,1.46M,1.46M,972.84K bytes/sec,1.00
1,5,69,469,cold,poolOfAddresses3,0,,,0.2938566207885742,0.9657742977142334,1.5M,,False,,,,,1.46M,1.46M,972.84K bytes/sec,1.00
1,5,70,470,cold,poolOfAddresses3,0,,,0.29421544075012207,0.9558684825897217,1.5M,,False,,,,,1.46M,1.46M,972.84K bytes/sec,1.00
1,5,71,471,cold,poolOfAddresses3,0,,,0.2973902225494385,0.9636600017547607,1.5M,,False,,,,,1.46M,1.47M,978.31K bytes/sec,1.00
1,5,72,472,cold,poolOfAddresses3,0,,,0.30736804008483887,0.9701311588287354,1.5M,,False,,,,,1.46M,1.46M,972.83K bytes/sec,1.00
1,5,73,473,cold,poolOfAddresses3,0,,,0.29610109329223633,0.9531505107879639,1.5M,,False,,,,,1.46M,1.46M,975.58K bytes/sec,1.00
1,5,74,474,cold,poolOfAddresses3,0,,,0.2887547016143799,0.9644689559936523,1.5M,,False,,,,,1.46M,1.46M,972.84K bytes/sec,1.00
1,5,75,475,cold,poolOfAddresses3,0,,,0.29212355613708496,0.9556388854980469,1.5M,,False,,,,,1.46M,1.46M,972.85K bytes/sec,1.00
1,5,76,476,cold,poolOfAddresses3,0,,,0.2915620803833008,0.9885141849517822,1.5M,,False,,,,,1.46M,1.46M,972.86K bytes/sec,1.00
1,5,77,477,cold,poolOfAddresses3,0,,,0.29558491706848145,0.9792294502258301,1.5M,,False,,,,,1.46M,1.46M,972.82K bytes/sec,1.00
1,5,78,478,cold,poolOfAddresses3,0,,,0.2981886863708496,0.9603927135467529,1.5M,,False,,,,,1.45M,1.45M,970.10K bytes/sec,1.00
1,5,79,479,cold,poolOfAddresses3,0,,,0.30107617378234863,0.9734060764312744,1.5M,,False,,,,,1.46M,1.46M,972.84K bytes/sec,1.00
1,5,80,480,cold,poolOfAddresses3,0,,,0.2991604804992676,1.686856985092163,1.5M,,False,,,,,1.46M,1.46M,972.83K bytes/sec,1.00
1,5,81,481,cold,poolOfAddresses3,0,,,0.2881505489349365,0.9541411399841309,1.5M,,False,,,,,1.46M,1.46M,975.58K bytes/sec,1.00
1,5,82,482,cold,poolOfAddresses3,0,,,0.2916228771209717,0.9632163047790527,1.5M,,False,,,,,1.45M,1.45M,970.11K bytes/sec,1.00
1,5,83,483,cold,poolOfAddresses3,0,,,0.2910637855529785,0.9827065467834473,1.5M,,False,,,,,1.46M,1.46M,972.83K bytes/sec,1.00
1,5,84,484,cold,poolOfAddresses3,0,,,0.28367018699645996,0.9707596302032471,1.5M,,False,,,,,1.46M,1.46M,975.57K bytes/sec,1.00
1,5,85,485,cold,poolOfAddresses3,0,,,0.29506802558898926,0.9678263664245605,1.5M,,False,,,,,1.46M,1.46M,975.57K bytes/sec,1.00
1,5,86,486,cold,poolOfAddresses3,0,,,0.29466676712036133,0.9565908908843994,1.5M,,False,,,,,1.46M,1.46M,972.84K bytes/sec,1.00
1,5,87,487,cold,poolOfAddresses3,0,,,0.2942526340484619,0.9783542156219482,1.5M,,False,,,,,1.46M,1.46M,975.57K bytes/sec,1.00
1,5,88,488,cold,poolOfAddresses3,0,,,0.29567790031433105,0.968681812286377,1.5M,,False,,,,,1.46M,1.46M,975.57K bytes/sec,1.00
1,5,89,489,cold,poolOfAddresses3,0,,,0.303192138671875,0.9645497798919678,1.5M,,False,,,,,1.46M,1.46M,975.61K bytes/sec,1.00
1,5,90,490,cold,poolOfAddresses3,0,,,0.29872941970825195,0.9742968082427979,1.5M,,False,,,,,1.45M,1.45M,970.10K bytes/sec,1.00
1,5,91,491,cold,poolOfAddresses3,0,,,0.2950174808502197,0.9713106155395508,1.5M,,False,,,,,1.46M,1.46M,972.83K bytes/sec,1.00
1,5,92,492,cold,poolOfAddresses3,0,,,0.29420924186706543,0.9580316543579102,1.5M,,False,,,,,1.46M,1.46M,975.58K bytes/sec,1.00
1,5,93,493,cold,poolOfAddresses3,0,,,0.30019140243530273,0.9690303802490234,1.5M,,False,,,,,1.46M,1.46M,972.86K bytes/sec,1.00
1,5,94,494,cold,poolOfAddresses3,0,,,0.30684924125671387,0.9744954109191895,1.5M,,False,,,,,1.45M,1.45M,970.13K bytes/sec,1.00
1,5,95,495,cold,poolOfAddresses3,0,,,0.3032379150390625,0.9638528823852539,1.5M,,False,,,,,1.46M,1.46M,972.84K bytes/sec,1.00
1,5,96,496,cold,poolOfAddresses3,0,,,0.28708767890930176,0.9618864059448242,1.5M,,False,,,,,1.46M,1.46M,972.84K bytes/sec,1.00
1,5,97,497,cold,poolOfAddresses3,0,,,0.3063995838165283,0.971848726272583,1.5M,,False,,,,,1.46M,1.46M,975.57K bytes/sec,1.00
1,5,98,498,cold,poolOfAddresses3,0,,,0.2902534008026123,0.966688871383667,1.5M,,False,,,,,1.46M,1.46M,975.58K bytes/sec,1.00
1,5,99,499,cold,poolOfAddresses3,0,,,0.2846999168395996,0.9707005023956299,1.5M,,False,,,,,1.46M,1.46M,975.57K bytes/sec,1.00
1,5,100,500,cold,poolOfAddresses3,0,,,0.2896597385406494,0.9535667896270752,1.5M,,False,,,,,1.46M,1.46M,975.58K bytes/sec,1.00
1,6,1,501,cold,symmetric,0,,,0.2836008071899414,0.9863827228546143,1.5M,,False,,,,,1.46M,1.46M,975.58K bytes/sec,1.00
1,6,2,502,cold,symmetric,0,,,0.2985668182373047,0.9536969661712646,1.5M,,False,,,,,1.46M,1.46M,972.84K bytes/sec,1.00
1,6,3,503,cold,symmetric,0,,,0.30294299125671387,0.966646671295166,1.5M,,False,,,,,1.45M,1.45M,970.10K bytes/sec,1.00
1,6,4,504,cold,symmetric,0,,,0.28730344772338867,0.9696154594421387,1.5M,,False,,,,,1.46M,1.46M,972.84K bytes/sec,1.00
1,6,5,505,cold,symmetric,0,,,0.2879319190979004,0.9572694301605225,1.5M,,False,,,,,1.46M,1.46M,972.84K bytes/sec,1.00
1,6,6,506,cold,symmetric,0,,,0.28391528129577637,0.9530930519104004,1.5M,,False,,,,,1.46M,1.46M,972.84K bytes/sec,1.00
1,6,7,507,cold,symmetric,0,,,0.3053781986236572,0.9754388332366943,1.5M,,False,,,,,1.46M,1.46M,975.57K bytes/sec,1.00
1,6,8,508,cold,symmetric,0,,,0.2967677116394043,0.963341236114502,1.5M,,False,,,,,1.46M,1.46M,972.84K bytes/sec,1.00
1,6,9,509,cold,symmetric,0,,,0.29404187202453613,0.9765095710754395,1.5M,,False,,,,,1.46M,1.46M,975.57K bytes/sec,1.00
1,6,10,510,cold,symmetric,0,,,0.2975294589996338,0.9680588245391846,1.5M,,False,,,,,1.46M,1.46M,972.84K bytes/sec,1.00
1,6,11,511,cold,symmetric,0,,,0.2947220802307129,0.9737565517425537,1.5M,,False,,,,,1.45M,1.45M,970.10K bytes/sec,1.00
1,6,12,512,cold,symmetric,0,,,0.29564452171325684,0.9982805252075195,1.5M,,False,,,,,1.46M,1.46M,972.84K bytes/sec,1.00
1,6,13,513,cold,symmetric,0,,,0.3031272888183594,0.9597022533416748,1.5M,,False,,,,,1.45M,1.45M,970.10K bytes/sec,1.00
1,6,14,514,cold,symmetric,0,,,0.30706787109375,0.9711880683898926,1.5M,,False,,,,,1.46M,1.46M,975.55K bytes/sec,1.00
1,6,15,515,cold,symmetric,0,,,0.28943705558776855,0.9737813472747803,1.5M,,False,,,,,1.46M,1.46M,2.92M bytes/sec,1.00
1,6,16,516,cold,symmetric,0,,,0.2890951633453369,0.9632201194763184,1.5M,,False,,,,,1.46M,1.46M,972.86K bytes/sec,1.00
1,6,17,517,cold,symmetric,0,,,0.2773125171661377,0.9599928855895996,1.5M,,False,,,,,1.46M,1.46M,972.83K bytes/sec,1.00
1,6,18,518,cold,symmetric,0,,,0.2977416515350342,0.9646165370941162,1.5M,,False,,,,,1.46M,1.46M,975.58K bytes/sec,1.00
1,6,19,519,cold,symmetric,0,,,0.302623987197876,0.9648408889770508,1.5M,,False,,,,,1.46M,1.46M,975.57K bytes/sec,1.00
1,6,20,520,cold,symmetric,0,,,0.2906768321990967,0.9726767539978027,1.5M,,False,,,,,1.46M,1.47M,978.31K bytes/sec,1.00
1,6,21,521,cold,symmetric,0,,,0.28326988220214844,0.9628438949584961,1.5M,,False,,,,,1.46M,1.46M,975.58K bytes/sec,1.00
1,6,22,522,cold,symmetric,0,,,0.2948606014251709,0.960796594619751,1.5M,,False,,,,,1.46M,1.46M,972.83K bytes/sec,1.00
1,6,23,523,cold,symmetric,0,,,0.2810192108154297,0.9787299633026123,1.5M,,False,,,,,1.46M,1.46M,972.84K bytes/sec,1.00
1,6,24,524,cold,symmetric,0,,,0.29865574836730957,1.0213677883148193,1.5M,,False,,,,,1.46M,1.46M,975.57K bytes/sec,1.00
1,6,25,525,cold,symmetric,0,,,0.29398202896118164,0.9695570468902588,1.5M,,False,,,,,1.46M,1.46M,972.82K bytes/sec,1.00
1,6,26,526,cold,symmetric,0,,,0.30064821243286133,0.9727864265441895,1.5M,,False,,,,,1.46M,1.46M,972.84K bytes/sec,1.00
1,6,27,527,cold,symmetric,0,,,0.29491639137268066,0.9789187908172607,1.5M,,False,,,,,1.46M,1.46M,972.84K bytes/sec,1.00
1,6,28,528,cold,symmetric,0,,,0.29259157180786133,0.9623353481292725,1.5M,,False,,,,,1.46M,1.46M,972.84K bytes/sec,1.00
1,6,29,529,cold,symmetric,0,,,0.2011706829071045,0.9747083187103271,1.5M,,False,,,,,1.46M,1.46M,972.84K bytes/sec,1.00
1,6,30,530,cold,symmetric,0,,,0.2859830856323242,0.9672026634216309,1.5M,,False,,,,,1.46M,1.46M,975.57K bytes/sec,1.00
1,6,31,531,cold,symmetric,0,,,0.29955339431762695,0.9605112075805664,1.5M,,False,,,,,1.46M,1.46M,975.56K bytes/sec,1.00
1,6,32,532,cold,symmetric,0,,,0.30400824546813965,0.970797061920166,1.5M,,False,,,,,1.45M,1.45M,970.10K bytes/sec,1.00
1,6,33,533,cold,symmetric,0,,,0.30467700958251953,0.9561564922332764,1.5M,,False,,,,,1.46M,1.46M,2.93M bytes/sec,1.00
1,6,34,534,cold,symmetric,0,,,0.30200934410095215,0.9626288414001465,1.5M,,False,,,,,1.45M,1.45M,970.11K bytes/sec,1.00
1,6,35,535,cold,symmetric,0,,,0.2943406105041504,0.9804577827453613,1.5M,,False,,,,,1.46M,1.46M,975.56K bytes/sec,1.00
1,6,36,536,cold,symmetric,0,,,0.3055155277252197,0.9705672264099121,1.5M,,False,,,,,1.45M,1.45M,970.11K bytes/sec,1.00
1,6,37,537,cold,symmetric,0,,,0.297318696975708,0.9658417701721191,1.5M,,False,,,,,1.46M,1.46M,975.57K bytes/sec,1.00
1,6,38,538,cold,symmetric,0,,,0.28974246978759766,0.95597243309021,1.5M,,False,,,,,1.46M,1.46M,975.57K bytes/sec,1.00
1,6,39,539,cold,symmetric,0,,,0.29416847229003906,0.9707434177398682,1.5M,,False,,,,,1.46M,1.46M,975.60K bytes/sec,1.00
1,6,40,540,cold,symmetric,0,,,0.28588271141052246,0.9690322875976562,1.5M,,False,,,,,1.46M,1.46M,972.83K bytes/sec,1.00
1,6,41,541,cold,symmetric,0,,,0.28490734100341797,0.9628064632415771,1.5M,,False,,,,,1.46M,1.46M,975.56K bytes/sec,1.00
1,6,42,542,cold,symmetric,0,,,0.30227017402648926,0.9627799987792969,1.5M,,False,,,,,1.46M,1.46M,972.84K bytes/sec,1.00
1,6,43,543,cold,symmetric,0,,,0.2883899211883545,0.9740126132965088,1.5M,,False,,,,,1.46M,1.46M,975.57K bytes/sec,1.00
1,6,44,544,cold,symmetric,0,,,0.2974114418029785,0.9744529724121094,1.5M,,False,,,,,1.46M,1.46M,972.84K bytes/sec,1.00
1,6,45,545,cold,symmetric,0,,,0.29897642135620117,0.9641752243041992,1.5M,,False,,,,,1.46M,1.46M,975.58K bytes/sec,1.00
1,6,46,546,cold,symmetric,0,,,0.29253125190734863,0.9714436531066895,1.5M,,False,,,,,1.46M,1.46M,972.84K bytes/sec,1.00
1,6,47,547,cold,symmetric,0,,,0.2989387512207031,1.0077781677246094,1.5M,,False,,,,,1.46M,1.46M,975.60K bytes/sec,1.00
1,6,48,548,cold,symmetric,0,,,0.305100679397583,0.9634561538696289,1.5M,,False,,,,,1.46M,1.46M,972.83K bytes/sec,1.00
1,6,49,549,cold,symmetric,0,,,0.30120325088500977,0.953047513961792,1.5M,,False,,,,,1.45M,1.45M,970.11K bytes/sec,1.00
1,6,50,550,cold,symmetric,0,,,0.28781962394714355,0.9720661640167236,1.5M,,False,,,,,1.46M,1.46M,972.84K bytes/sec,1.00
1,6,51,551,cold,symmetric,0,,,0.3042161464691162,0.97597336769104,1.5M,,False,,,,,1.46M,1.46M,972.82K bytes/sec,1.00
1,6,52,552,cold,symmetric,0,,,0.29175710678100586,0.9705262184143066,1.5M,,False,,,,,1.46M,1.46M,2.93M bytes/sec,1.00
1,6,53,553,cold,symmetric,0,,,0.28736162185668945,0.9712464809417725,1.5M,,False,,,,,1.46M,1.46M,975.58K bytes/sec,1.00
1,6,54,554,cold,symmetric,0,,,0.28851747512817383,0.9739553928375244,1.5M,,False,,,,,1.46M,1.46M,972.85K bytes/sec,1.00
1,6,55,555,cold,symmetric,0,,,0.29726576805114746,0.977064847946167,1.5M,,False,,,,,1.46M,1.46M,972.83K bytes/sec,1.00
1,6,56,556,cold,symmetric,0,,,0.2849597930908203,0.9696285724639893,1.5M,,False,,,,,1.46M,1.46M,975.56K bytes/sec,1.00
1,6,57,557,cold,symmetric,0,,,0.30461788177490234,0.9601399898529053,1.5M,,False,,,,,1.46M,1.46M,972.84K bytes/sec,1.00
1,6,58,558,cold,symmetric,0,,,0.2890486717224121,0.9658291339874268,1.5M,,False,,,,,1.46M,1.46M,2.92M bytes/sec,1.00
1,6,59,559,cold,symmetric,0,,,0.29497766494750977,0.9703314304351807,1.5M,,False,,,,,1.46M,1.46M,975.58K bytes/sec,1.00
1,6,60,560,cold,symmetric,0,,,0.3034484386444092,0.9720165729522705,1.5M,,False,,,,,1.46M,1.46M,972.83K bytes/sec,1.00
1,6,61,561,cold,symmetric,0,,,0.29503870010375977,0.9501080513000488,1.5M,,False,,,,,1.46M,1.46M,975.56K bytes/sec,1.00
1,6,62,562,cold,symmetric,0,,,0.2844853401184082,0.9699094295501709,1.5M,,False,,,,,1.45M,1.45M,970.11K bytes/sec,1.00
1,6,63,563,cold,symmetric,0,,,0.31133580207824707,0.9591012001037598,1.5M,,False,,,,,1.45M,1.45M,970.11K bytes/sec,1.00
1,6,64,564,cold,symmetric,0,,,0.29912543296813965,0.9664921760559082,1.5M,,False,,,,,1.46M,1.46M,975.57K bytes/sec,1.00
1,6,65,565,cold,symmetric,0,,,0.29833221435546875,1.00046968460083,1.5M,,False,,,,,1.46M,1.46M,972.86K bytes/sec,1.00
1,6,66,566,cold,symmetric,0,,,0.28677988052368164,0.960838794708252,1.5M,,False,,,,,1.46M,1.47M,978.29K bytes/sec,1.00
1,6,67,567,cold,symmetric,0,,,0.287020206451416,0.9580612182617188,1.5M,,False,,,,,1.46M,1.46M,972.84K bytes/sec,1.00
1,6,68,568,cold,symmetric,0,,,0.298504114151001,0.957874059677124,1.5M,,False,,,,,1.46M,1.46M,972.84K bytes/sec,1.00
1,6,69,569,cold,symmetric,0,,,0.3059544563293457,0.969768762588501,1.5M,,False,,,,,1.46M,1.46M,972.84K bytes/sec,1.00
1,6,70,570,cold,symmetric,0,,,0.2967195510864258,0.9581799507141113,1.5M,,False,,,,,1.45M,1.45M,970.11K bytes/sec,1.00
1,6,71,571,cold,symmetric,0,,,0.28189897537231445,0.9533820152282715,1.5M,,False,,,,,1.45M,1.45M,970.11K bytes/sec,1.00
1,6,72,572,cold,symmetric,0,,,0.2875046730041504,0.9567396640777588,1.5M,,False,,,,,1.45M,1.45M,970.11K bytes/sec,1.00
1,6,73,573,cold,symmetric,0,,,0.3000352382659912,0.9726440906524658,1.5M,,False,,,,,1.46M,1.46M,975.58K bytes/sec,1.00
1,6,74,574,cold,symmetric,0,,,0.2824273109436035,0.9728372097015381,1.5M,,False,,,,,1.46M,1.46M,972.83K bytes/sec,1.00
1,6,75,575,cold,symmetric,0,,,0.29412293434143066,0.9450287818908691,1.5M,,False,,,,,1.46M,1.46M,2.92M bytes/sec,1.00
1,6,76,576,cold,symmetric,0,,,0.2880077362060547,0.9766461849212646,1.5M,,False,,,,,1.46M,1.46M,972.85K bytes/sec,1.00
1,6,77,577,cold,symmetric,0,,,0.29500627517700195,0.9740898609161377,1.5M,,False,,,,,1.46M,1.46M,975.58K bytes/sec,1.00
1,6,78,578,cold,symmetric,0,,,0.2829105854034424,0.9655466079711914,1.5M,,False,,,,,1.45M,1.45M,970.11K bytes/sec,1.00
1,6,79,579,cold,symmetric,0,,,0.3009188175201416,0.961223840713501,1.5M,,False,,,,,1.46M,1.46M,975.58K bytes/sec,1.00
1,6,80,580,cold,symmetric,0,,,0.2828102111816406,0.9788553714752197,1.5M,,False,,,,,1.46M,1.46M,972.84K bytes/sec,1.00
1,6,81,581,cold,symmetric,0,,,0.291046142578125,0.9684369564056396,1.5M,,False,,,,,1.46M,1.46M,972.87K bytes/sec,1.00
1,6,82,582,cold,symmetric,0,,,0.2910783290863037,0.969527006149292,1.5M,,False,,,,,1.46M,1.46M,972.84K bytes/sec,1.00
1,6,83,583,cold,symmetric,0,,,0.2954366207122803,0.9498426914215088,1.5M,,False,,,,,1.46M,1.46M,975.58K bytes/sec,1.00
1,6,84,584,cold,symmetric,0,,,0.28642940521240234,0.969757080078125,1.5M,,False,,,,,1.46M,1.46M,975.58K bytes/sec,1.00
1,6,85,585,cold,symmetric,0,,,0.2978062629699707,0.9486896991729736,1.5M,,False,,,,,1.46M,1.46M,972.83K bytes/sec,1.00
1,6,86,586,cold,symmetric,0,,,0.303847074508667,0.9624309539794922,1.5M,,False,,,,,1.46M,1.46M,972.87K bytes/sec,1.00
1,6,87,587,cold,symmetric,0,,,0.29874658584594727,0.9685544967651367,1.5M,,False,,,,,1.46M,1.46M,975.57K bytes/sec,1.00
1,6,88,588,cold,symmetric,0,,,0.3014564514160156,0.9708762168884277,1.5M,,False,,,,,1.46M,1.46M,975.56K bytes/sec,1.00
1,6,89,589,cold,symmetric,0,,,0.29889941215515137,0.9727339744567871,1.5M,,False,,,,,1.46M,1.46M,975.59K bytes/sec,1.00
1,6,90,590,cold,symmetric,0,,,0.2940826416015625,0.9749395847320557,1.5M,,False,,,,,1.46M,1.46M,972.84K bytes/sec,1.00
1,6,91,591,cold,symmetric,0,,,0.2862362861633301,0.9343099594116211,1.5M,,False,,,,,1.45M,1.45M,970.11K bytes/sec,1.00
1,6,92,592,cold,symmetric,0,,,0.2882821559906006,0.9687447547912598,1.5M,,False,,,,,1.45M,1.45M,970.11K bytes/sec,1.00
1,6,93,593,cold,symmetric,0,,,0.27692699432373047,0.9707686901092529,1.5M,,False,,,,,1.45M,1.45M,970.11K bytes/sec,1.00
1,6,94,594,cold,symmetric,0,,,0.2893562316894531,0.9657077789306641,1.5M,,False,,,,,1.45M,1.45M,970.11K bytes/sec,1.00
1,6,95,595,cold,symmetric,0,,,0.28658580780029297,0.9548397064208984,1.5M,,False,,,,,1.46M,1.46M,975.57K bytes/sec,1.00
1,6,96,596,cold,symmetric,0,,,0.2961900234222412,0.9631655216217041,1.5M,,False,,,,,1.45M,1.45M,970.10K bytes/sec,1.00
1,6,97,597,cold,symmetric,0,,,0.29073119163513184,0.970311164855957,1.5M,,False,,,,,1.45M,1.45M,970.10K bytes/sec,1.00
1,6,98,598,cold,symmetric,0,,,0.2932291030883789,0.957477331161499,1.5M,,False,,,,,1.46M,1.46M,972.84K bytes/sec,1.00
1,6,99,599,cold,symmetric,0,,,0.30819225311279297,0.9749855995178223,1.5M,,False,,,,,1.46M,1.46M,972.84K bytes/sec,1.00
1,6,100,600,cold,symmetric,0,,,0.29026150703430176,0.9681448936462402,1.5M,,False,,,,,1.46M,1.46M,972.84K bytes/sec,1.00
